member_id,generation,class_code,group_number,group_master,on_offline,group_leave,leave_point,excellent_group,excellent_group_master
2024080003,8,4,14,FALSE,오프라인,FALSE,해당없음,FALSE,FALSE
2024080005,8,7,1,FALSE,오프라인,FALSE,해당없음,FALSE,FALSE
2024080007,8,5,7,FALSE,온라인,FALSE,해당없음,TRUE,FALSE
2024080007,8,2,4,TRUE,오프라인,FALSE,해당없음,FALSE,FALSE
2024080009,8,4,13,TRUE,온라인,FALSE,해당없음,TRUE,TRUE
2024080010,8,6,9,FALSE,온라인,FALSE,해당없음,FALSE,FALSE
2024080011,8,6,10,TRUE,온라인,FALSE,해당없음,FALSE,TRUE
2024080012,8,9,1,FALSE,온라인,FALSE,해당없음,FALSE,FALSE
2024080015,8,1,7,FALSE,오프라인,FALSE,해당없음,FALSE,FALSE
2024080016,8,5,4,FALSE,오프라인,FALSE,해당없음,FALSE,FALSE
2024080017,8,8,1,TRUE,오프라인,FALSE,해당없음,FALSE,FALSE
2024080018,8,4,15,FALSE,오프라인,FALSE,해당없음,FALSE,FALSE
2024080019,8,7,3,TRUE,오프라인,FALSE,해당없음,TRUE,FALSE
2024080022,8,6,14,FALSE,온라인,FALSE,해당없음,TRUE,FALSE
2024080024,8,4,8,FALSE,오프라인,FALSE,해당없음,FALSE,FALSE
2024080025,8,6,4,TRUE,오프라인,FALSE,해당없음,FALSE,FALSE
2024080026,8,8,2,TRUE,오프라인,FALSE,해당없음,FALSE,TRUE
2024080028,8,1,2,FALSE,온라인,TRUE,중간 휴회기간 이후,FALSE,FALSE
2024080031,8,2,2,FALSE,해당없음,TRUE,중간 휴회기간 이전,FALSE,FALSE
2024080035,8,4,7,FALSE,온라인,TRUE,중간 휴회기간 이후,FALSE,FALSE
2024080038,8,4,16,FALSE,온라인,FALSE,해당없음,FALSE,FALSE
2024080040,8,1,4,FALSE,온라인,FALSE,해당없음,FALSE,FALSE
2024080042,8,1,1,TRUE,오프라인,FALSE,해당없음,TRUE,TRUE
2024080046,8,1,7,FALSE,오프라인,FALSE,해당없음,FALSE,FALSE
2024080054,8,2,3,FALSE,온라인,TRUE,중간 휴회기간 이후,FALSE,FALSE
2024080057,8,4,13,FALSE,온라인,FALSE,해당없음,TRUE,FALSE
2024080065,8,1,2,FALSE,온라인,TRUE,중간 휴회기간 이후,FALSE,FALSE
2024080069,8,7,6,FALSE,온라인,FALSE,해당없음,FALSE,FALSE
2024080070,8,4,16,FALSE,온라인,FALSE,해당없음,FALSE,FALSE
2024080074,8,2,1,FALSE,온라인,TRUE,중간 휴회기간 이후,FALSE,FALSE
2024080075,8,6,4,FALSE,오프라인,FALSE,해당없음,FALSE,FALSE
2024080076,8,4,8,FALSE,오프라인,FALSE,해당없음,FALSE,FALSE
2024080082,8,4,2,TRUE,오프라인,FALSE,해당없음,TRUE,FALSE
2024080087,8,6,7,TRUE,온라인,FALSE,해당없음,FALSE,TRUE
2024080089,8,4,18,FALSE,온라인,TRUE,기말 휴회기간 이후,FALSE,FALSE
2024080092,8,7,4,FALSE,오프라인,TRUE,중간 휴회기간 이후,FALSE,FALSE
2024080094,8,5,6,FALSE,오프라인,TRUE,기말 휴회기간 이후,FALSE,FALSE
2024080099,8,1,2,FALSE,온라인,FALSE,해당없음,FALSE,FALSE
2024080101,8,6,8,TRUE,오프라인,FALSE,해당없음,TRUE,FALSE
2024080103,8,7,3,FALSE,오프라인,FALSE,해당없음,TRUE,FALSE
2024080104,8,6,3,FALSE,온라인,FALSE,해당없음,FALSE,FALSE
2024080105,8,5,2,FALSE,오프라인,FALSE,해당없음,FALSE,FALSE
2024080106,8,6,7,FALSE,온라인,FALSE,해당없음,FALSE,FALSE
2024080107,8,6,6,TRUE,온라인,FALSE,해당없음,FALSE,FALSE
2024080108,8,4,5,FALSE,오프라인,FALSE,해당없음,TRUE,FALSE
2024080112,8,4,2,FALSE,오프라인,FALSE,해당없음,TRUE,FALSE
2024080115,8,1,9,FALSE,오프라인,FALSE,해당없음,FALSE,FALSE
2024080117,8,1,5,FALSE,온라인,FALSE,해당없음,FALSE,FALSE
2024080120,8,8,10,FALSE,온라인,FALSE,해당없음,FALSE,FALSE
2024080124,8,6,14,FALSE,온라인,FALSE,해당없음,TRUE,FALSE
2024080126,8,8,8,FALSE,오프라인,FALSE,해당없음,FALSE,FALSE
2024080128,8,5,2,FALSE,오프라인,FALSE,해당없음,FALSE,FALSE
2024080130,8,2,6,FALSE,해당없음,TRUE,중간 휴회기간 이전,FALSE,FALSE
2024080137,8,4,10,TRUE,온라인,TRUE,중간 휴회기간 이후,FALSE,FALSE
2024080141,8,2,3,FALSE,온라인,TRUE,중간 휴회기간 이후,FALSE,FALSE
2024080143,8,7,7,TRUE,온라인,FALSE,해당없음,FALSE,FALSE
2024080145,8,8,7,FALSE,오프라인,FALSE,해당없음,FALSE,FALSE
2024080147,8,8,8,FALSE,오프라인,FALSE,해당없음,FALSE,FALSE
2024080149,8,2,6,FALSE,온라인,TRUE,중간 휴회기간 이후,FALSE,FALSE
2024080158,8,1,1,FALSE,오프라인,FALSE,해당없음,TRUE,FALSE
2024080159,8,8,7,FALSE,온라인,FALSE,해당없음,FALSE,FALSE
2024080161,8,1,12,FALSE,온라인,FALSE,해당없음,TRUE,FALSE
2024080164,8,6,10,FALSE,온라인,FALSE,해당없음,FALSE,FALSE
2024080165,8,5,7,TRUE,온라인,FALSE,해당없음,TRUE,FALSE
2024080167,8,9,1,FALSE,해당없음,TRUE,중간 휴회기간 이전,FALSE,FALSE
2024080170,8,7,5,TRUE,온라인,FALSE,해당없음,FALSE,FALSE
2024080177,8,8,5,FALSE,온라인,FALSE,해당없음,FALSE,FALSE
2024080178,8,7,7,FALSE,해당없음,TRUE,중간 휴회기간 이전,FALSE,FALSE
2024080181,8,7,5,TRUE,온라인,FALSE,해당없음,FALSE,FALSE
2024080184,8,4,1,FALSE,온라인,FALSE,해당없음,FALSE,FALSE
2024080185,8,1,8,FALSE,온라인,FALSE,해당없음,FALSE,FALSE
2024080187,8,1,7,FALSE,오프라인,FALSE,해당없음,FALSE,FALSE
2024080202,8,4,9,TRUE,온라인,FALSE,해당없음,FALSE,FALSE
2024080205,8,8,1,FALSE,오프라인,FALSE,해당없음,FALSE,FALSE
2024080207,8,6,2,TRUE,온라인,FALSE,해당없음,TRUE,FALSE
2024080210,8,4,5,FALSE,오프라인,FALSE,해당없음,TRUE,FALSE
2024080214,8,7,1,FALSE,오프라인,FALSE,해당없음,FALSE,FALSE
2024080215,8,6,4,FALSE,오프라인,FALSE,해당없음,FALSE,FALSE
2024080217,8,7,6,TRUE,온라인,FALSE,해당없음,FALSE,FALSE
2024080223,8,1,8,FALSE,온라인,FALSE,해당없음,FALSE,FALSE
2024080225,8,6,8,FALSE,오프라인,FALSE,해당없음,TRUE,FALSE
2024080229,8,4,10,TRUE,온라인,FALSE,해당없음,FALSE,FALSE
2024080231,8,4,12,TRUE,온라인,FALSE,해당없음,FALSE,FALSE
2024080235,8,6,3,FALSE,온라인,FALSE,해당없음,FALSE,FALSE
2024080236,8,7,1,TRUE,오프라인,FALSE,해당없음,FALSE,FALSE
2024080245,8,4,9,FALSE,온라인,FALSE,해당없음,FALSE,FALSE
2024080250,8,8,5,FALSE,온라인,FALSE,해당없음,FALSE,FALSE
2024080252,8,9,1,FALSE,온라인,TRUE,중간 휴회기간 이후,FALSE,FALSE
2024080256,8,6,13,FALSE,온라인,FALSE,해당없음,FALSE,FALSE
2024080259,8,1,4,FALSE,온라인,FALSE,해당없음,FALSE,FALSE
2024080260,8,8,6,FALSE,온라인,FALSE,해당없음,FALSE,FALSE
2024080263,8,1,10,TRUE,오프라인,FALSE,해당없음,FALSE,FALSE
2024080267,8,4,7,TRUE,온라인,FALSE,해당없음,FALSE,FALSE
2024080273,8,6,7,FALSE,온라인,FALSE,해당없음,FALSE,FALSE
2024080275,8,8,4,FALSE,온라인,FALSE,해당없음,FALSE,FALSE
2024080276,8,1,1,FALSE,온라인,FALSE,해당없음,TRUE,FALSE
2024080278,8,8,2,FALSE,오프라인,FALSE,해당없음,FALSE,FALSE
2024080283,8,4,18,FALSE,온라인,TRUE,기말 휴회기간 이후,FALSE,FALSE
2024080284,8,8,7,FALSE,해당없음,TRUE,중간 휴회기간 이전,FALSE,FALSE
2024080286,8,7,3,TRUE,오프라인,FALSE,해당없음,TRUE,TRUE
2024080288,8,1,11,TRUE,온라인,FALSE,해당없음,FALSE,FALSE
2024080289,8,4,15,FALSE,오프라인,FALSE,해당없음,FALSE,FALSE
2024080293,8,6,12,FALSE,온라인,TRUE,중간 휴회기간 이후,FALSE,FALSE
2024080295,8,6,6,FALSE,온라인,FALSE,해당없음,FALSE,FALSE
2024080296,8,7,6,TRUE,온라인,TRUE,중간 휴회기간 이후,FALSE,FALSE
2024080296,8,2,6,TRUE,온라인,FALSE,해당없음,FALSE,FALSE
2024080298,8,1,4,TRUE,온라인,FALSE,해당없음,FALSE,FALSE
2024080300,8,8,3,FALSE,온라인,TRUE,기말 휴회기간 이후,FALSE,FALSE
2024080310,8,1,8,FALSE,온라인,FALSE,해당없음,FALSE,FALSE
2024080312,8,2,5,TRUE,온라인,FALSE,해당없음,FALSE,TRUE
2024080312,8,6,3,FALSE,온라인,FALSE,해당없음,FALSE,FALSE
2024080314,8,6,9,TRUE,온라인,FALSE,해당없음,FALSE,TRUE
2024080315,8,4,15,FALSE,오프라인,FALSE,해당없음,FALSE,FALSE
2024080322,8,4,17,FALSE,온라인,TRUE,중간 휴회기간 이후,FALSE,FALSE
2024080325,8,6,13,FALSE,온라인,FALSE,해당없음,FALSE,FALSE
2024080326,8,8,4,FALSE,온라인,FALSE,해당없음,FALSE,FALSE
2024080327,8,4,19,FALSE,온라인,FALSE,해당없음,FALSE,FALSE
2024080329,8,6,13,FALSE,온라인,FALSE,해당없음,FALSE,FALSE
2024080330,8,4,8,TRUE,오프라인,FALSE,해당없음,FALSE,FALSE
2024080332,8,1,7,TRUE,오프라인,FALSE,해당없음,FALSE,FALSE
2024080338,8,5,2,TRUE,온라인,FALSE,해당없음,FALSE,TRUE
2024080342,8,2,3,TRUE,온라인,TRUE,중간 휴회기간 이후,FALSE,FALSE
2024080345,8,8,10,TRUE,온라인,FALSE,해당없음,FALSE,FALSE
2024080352,8,1,12,FALSE,온라인,FALSE,해당없음,TRUE,FALSE
2024080353,8,4,9,FALSE,온라인,FALSE,해당없음,FALSE,FALSE
2024080354,8,4,4,TRUE,오프라인,FALSE,해당없음,FALSE,TRUE
2024080356,8,6,8,FALSE,오프라인,TRUE,기말 휴회기간 이후,FALSE,FALSE
2024080358,8,4,17,FALSE,온라인,TRUE,중간 휴회기간 이후,FALSE,FALSE
2024080359,8,4,13,FALSE,온라인,FALSE,해당없음,TRUE,FALSE
2024080360,8,6,5,FALSE,오프라인,TRUE,중간 휴회기간 이후,FALSE,FALSE
2024080361,8,1,8,FALSE,온라인,FALSE,해당없음,FALSE,FALSE
2024080363,8,2,1,FALSE,온라인,FALSE,해당없음,TRUE,FALSE
2024080366,8,4,3,FALSE,오프라인,FALSE,해당없음,FALSE,FALSE
2024080366,8,5,1,FALSE,온라인,FALSE,해당없음,TRUE,FALSE
2024080368,8,2,7,FALSE,오프라인,FALSE,해당없음,TRUE,FALSE
2024080368,8,4,6,FALSE,오프라인,FALSE,해당없음,FALSE,FALSE
2024080370,8,8,4,FALSE,온라인,FALSE,해당없음,FALSE,FALSE
2024080380,8,8,8,TRUE,오프라인,FALSE,해당없음,FALSE,TRUE
2024080381,8,2,1,FALSE,온라인,FALSE,해당없음,TRUE,FALSE
2024080382,8,8,7,TRUE,온라인,FALSE,해당없음,FALSE,FALSE
2024080386,8,6,10,FALSE,온라인,FALSE,해당없음,FALSE,FALSE
2024080388,8,4,5,TRUE,오프라인,FALSE,해당없음,TRUE,FALSE
2024080393,8,6,10,FALSE,오프라인,FALSE,해당없음,FALSE,FALSE
2024080394,8,4,4,FALSE,오프라인,FALSE,해당없음,FALSE,FALSE
2024080396,8,7,4,FALSE,오프라인,FALSE,해당없음,FALSE,FALSE
2024080398,8,2,3,FALSE,해당없음,TRUE,중간 휴회기간 이전,FALSE,FALSE
2024080398,8,1,6,FALSE,온라인,TRUE,중간 휴회기간 이후,FALSE,FALSE
2024080399,8,5,6,FALSE,오프라인,FALSE,해당없음,TRUE,FALSE
2024080401,8,8,9,TRUE,온라인,FALSE,해당없음,FALSE,TRUE
2024080409,8,1,1,FALSE,오프라인,FALSE,해당없음,TRUE,FALSE
2024080411,8,6,9,FALSE,온라인,FALSE,해당없음,FALSE,FALSE
2024080412,8,5,5,FALSE,온라인,FALSE,해당없음,FALSE,FALSE
2024080414,8,4,7,FALSE,온라인,FALSE,해당없음,FALSE,FALSE
2024080416,8,4,3,TRUE,오프라인,FALSE,해당없음,FALSE,FALSE
2024080417,8,6,2,FALSE,오프라인,FALSE,해당없음,TRUE,FALSE
2024080419,8,1,11,FALSE,온라인,FALSE,해당없음,FALSE,FALSE
2024080424,8,6,6,FALSE,오프라인,FALSE,해당없음,FALSE,FALSE
2024080430,8,2,5,FALSE,해당없음,TRUE,중간 휴회기간 이전,FALSE,FALSE
2024080435,8,4,4,TRUE,오프라인,FALSE,해당없음,FALSE,FALSE
2024080441,8,2,7,FALSE,오프라인,FALSE,해당없음,TRUE,FALSE
2024080442,8,7,3,FALSE,오프라인,FALSE,해당없음,TRUE,FALSE
2024080446,8,7,4,TRUE,오프라인,FALSE,해당없음,FALSE,FALSE
2024080447,8,6,12,FALSE,해당없음,TRUE,중간 휴회기간 이전,FALSE,FALSE
2024080449,8,1,13,FALSE,온라인,FALSE,해당없음,FALSE,FALSE
2024080453,8,4,18,TRUE,온라인,FALSE,해당없음,FALSE,FALSE
2024080461,8,1,3,FALSE,온라인,FALSE,해당없음,FALSE,FALSE
2024080461,8,2,1,TRUE,온라인,FALSE,해당없음,TRUE,TRUE
2024080464,8,8,9,TRUE,온라인,FALSE,해당없음,FALSE,FALSE
2024080465,8,8,2,FALSE,오프라인,FALSE,해당없음,FALSE,FALSE
2024080466,8,2,6,FALSE,온라인,TRUE,기말 휴회기간 이후,FALSE,FALSE
2024080468,8,4,8,FALSE,오프라인,FALSE,해당없음,FALSE,FALSE
2024080469,8,4,19,FALSE,온라인,FALSE,해당없음,FALSE,FALSE
2024080470,8,6,4,FALSE,오프라인,FALSE,해당없음,FALSE,FALSE
2024080472,8,8,8,FALSE,오프라인,FALSE,해당없음,FALSE,FALSE
2024080473,8,2,4,FALSE,오프라인,FALSE,해당없음,FALSE,FALSE
2024080474,8,1,3,FALSE,온라인,FALSE,해당없음,FALSE,FALSE
2024080475,8,8,1,FALSE,오프라인,TRUE,기말 휴회기간 이후,FALSE,FALSE
2024080478,8,2,4,FALSE,오프라인,FALSE,해당없음,FALSE,FALSE
2024080482,8,4,6,FALSE,오프라인,FALSE,해당없음,FALSE,FALSE
2024080485,8,4,11,FALSE,온라인,FALSE,해당없음,FALSE,FALSE
2024080486,8,4,2,FALSE,온라인,FALSE,해당없음,TRUE,FALSE
2024080489,8,8,3,TRUE,온라인,TRUE,기말 휴회기간 이후,FALSE,FALSE
2024080490,8,4,4,TRUE,오프라인,FALSE,해당없음,FALSE,FALSE
2024080494,8,4,16,FALSE,온라인,TRUE,기말 휴회기간 이후,FALSE,FALSE
2024080495,8,4,16,FALSE,온라인,FALSE,해당없음,FALSE,FALSE
2024080496,8,5,6,FALSE,온라인,TRUE,중간 휴회기간 이후,FALSE,FALSE
2024080498,8,6,12,FALSE,온라인,TRUE,중간 휴회기간 이후,FALSE,FALSE
2024080502,8,7,1,FALSE,오프라인,FALSE,해당없음,FALSE,FALSE
2024080505,8,4,14,FALSE,오프라인,FALSE,해당없음,FALSE,FALSE
2024080505,8,5,4,FALSE,오프라인,FALSE,해당없음,FALSE,FALSE
2024080506,8,2,4,FALSE,오프라인,FALSE,해당없음,FALSE,FALSE
2024080509,8,2,2,FALSE,해당없음,TRUE,중간 휴회기간 이전,FALSE,FALSE
2024080521,8,4,5,FALSE,오프라인,FALSE,해당없음,TRUE,FALSE
2024080529,8,6,5,TRUE,온라인,FALSE,해당없음,FALSE,TRUE
2024080531,8,8,9,FALSE,온라인,FALSE,해당없음,FALSE,FALSE
2024080532,8,5,2,FALSE,오프라인,TRUE,기말 휴회기간 이후,FALSE,FALSE
2024080534,8,7,4,FALSE,오프라인,TRUE,기말 휴회기간 이후,FALSE,FALSE
2024080534,8,6,7,FALSE,오프라인,FALSE,해당없음,FALSE,FALSE
2024080535,8,6,14,TRUE,온라인,FALSE,해당없음,TRUE,FALSE
2024080537,8,4,18,FALSE,온라인,FALSE,해당없음,FALSE,FALSE
2024080538,8,5,6,FALSE,오프라인,FALSE,해당없음,TRUE,FALSE
2024080538,8,4,18,FALSE,온라인,TRUE,기말 휴회기간 이후,FALSE,FALSE
2024080540,8,8,3,FALSE,온라인,TRUE,기말 휴회기간 이후,FALSE,FALSE
2024080541,8,4,9,FALSE,온라인,FALSE,해당없음,FALSE,FALSE
2024080543,8,7,5,FALSE,온라인,FALSE,해당없음,FALSE,FALSE
2024080544,8,4,14,TRUE,오프라인,FALSE,해당없음,FALSE,FALSE
2024080548,8,4,10,FALSE,온라인,FALSE,해당없음,FALSE,FALSE
2024080554,8,4,12,FALSE,오프라인,FALSE,해당없음,FALSE,FALSE
2024080555,8,4,15,TRUE,오프라인,FALSE,해당없음,FALSE,FALSE
2024080558,8,6,6,FALSE,온라인,FALSE,해당없음,FALSE,FALSE
2024080572,8,5,3,TRUE,온라인,FALSE,해당없음,FALSE,FALSE
2024080572,8,6,1,FALSE,오프라인,FALSE,해당없음,FALSE,FALSE
2024080576,8,5,5,TRUE,온라인,FALSE,해당없음,FALSE,FALSE
2024080581,8,4,6,TRUE,오프라인,FALSE,해당없음,FALSE,FALSE
2024080589,8,1,5,TRUE,온라인,FALSE,해당없음,FALSE,FALSE
2024080591,8,4,19,TRUE,온라인,FALSE,해당없음,FALSE,FALSE
2024080593,8,1,5,FALSE,오프라인,FALSE,해당없음,FALSE,FALSE
2024080594,8,2,5,FALSE,온라인,FALSE,해당없음,FALSE,FALSE
2024080595,8,9,1,FALSE,온라인,FALSE,해당없음,FALSE,FALSE
2024080596,8,4,19,FALSE,온라인,FALSE,해당없음,FALSE,FALSE
2024080597,8,1,11,FALSE,온라인,FALSE,해당없음,FALSE,FALSE
2024080602,8,4,11,FALSE,온라인,FALSE,해당없음,FALSE,FALSE
2024080606,8,4,10,TRUE,온라인,FALSE,해당없음,FALSE,FALSE
2024080607,8,1,6,FALSE,온라인,FALSE,해당없음,FALSE,FALSE
2024080611,8,8,10,FALSE,온라인,FALSE,해당없음,FALSE,FALSE
2024080612,8,4,16,TRUE,온라인,FALSE,해당없음,FALSE,FALSE
2024080614,8,4,5,TRUE,오프라인,FALSE,해당없음,TRUE,TRUE
2024080617,8,4,8,FALSE,오프라인,FALSE,해당없음,FALSE,FALSE
2024080619,8,5,4,FALSE,오프라인,TRUE,중간 휴회기간 이후,FALSE,FALSE
2024080627,8,8,4,TRUE,온라인,FALSE,해당없음,FALSE,TRUE
2024080634,8,1,9,FALSE,온라인,FALSE,해당없음,FALSE,FALSE
2024080641,8,1,9,FALSE,온라인,FALSE,해당없음,FALSE,FALSE
2024080644,8,7,5,FALSE,해당없음,TRUE,중간 휴회기간 이전,FALSE,FALSE
2024080656,8,8,8,FALSE,오프라인,FALSE,해당없음,FALSE,FALSE
2024080657,8,5,5,FALSE,온라인,TRUE,중간 휴회기간 이후,FALSE,FALSE
2024080659,8,4,7,FALSE,온라인,FALSE,해당없음,FALSE,FALSE
2024080661,8,6,6,FALSE,온라인,FALSE,해당없음,FALSE,FALSE
2024080664,8,6,5,FALSE,온라인,FALSE,해당없음,FALSE,FALSE
2024080665,8,4,11,TRUE,온라인,FALSE,해당없음,FALSE,TRUE
2024080672,8,5,7,FALSE,온라인,FALSE,해당없음,TRUE,FALSE
2024080676,8,6,1,FALSE,오프라인,FALSE,해당없음,FALSE,FALSE
2024080689,8,1,11,FALSE,온라인,FALSE,해당없음,FALSE,FALSE
2024080690,8,5,6,TRUE,오프라인,FALSE,해당없음,TRUE,TRUE
2024080691,8,7,2,FALSE,온라인,FALSE,해당없음,FALSE,FALSE
2024080692,8,5,1,FALSE,오프라인,FALSE,해당없음,TRUE,FALSE
2024080693,8,6,13,FALSE,온라인,FALSE,해당없음,FALSE,FALSE
2024080698,8,7,5,FALSE,온라인,FALSE,해당없음,FALSE,FALSE
2024080699,8,5,7,TRUE,온라인,FALSE,해당없음,TRUE,TRUE
2024080707,8,5,3,FALSE,온라인,FALSE,해당없음,FALSE,FALSE
2024080708,8,6,6,FALSE,오프라인,TRUE,중간 휴회기간 이후,FALSE,FALSE
2024080712,8,8,1,TRUE,오프라인,FALSE,해당없음,FALSE,FALSE
2024080714,8,8,9,FALSE,온라인,TRUE,기말 휴회기간 이후,FALSE,FALSE
2024080717,8,2,2,FALSE,해당없음,TRUE,중간 휴회기간 이전,FALSE,FALSE
2024080719,8,1,9,FALSE,오프라인,FALSE,해당없음,FALSE,FALSE
2024080720,8,8,6,TRUE,온라인,FALSE,해당없음,FALSE,FALSE
2024080728,8,8,7,FALSE,온라인,FALSE,해당없음,FALSE,FALSE
2024080729,8,4,13,FALSE,온라인,FALSE,해당없음,TRUE,FALSE
2024080735,8,1,13,FALSE,온라인,FALSE,해당없음,FALSE,FALSE
2024080741,8,6,3,FALSE,온라인,FALSE,해당없음,FALSE,FALSE
2024080749,8,6,14,FALSE,해당없음,TRUE,중간 휴회기간 이전,FALSE,FALSE
2024080749,8,4,16,FALSE,온라인,FALSE,해당없음,FALSE,FALSE
2024080750,8,1,3,FALSE,온라인,FALSE,해당없음,FALSE,FALSE
2024080751,8,1,12,FALSE,온라인,FALSE,해당없음,TRUE,FALSE
2024080752,8,4,12,FALSE,온라인,FALSE,해당없음,FALSE,FALSE
2024080753,8,1,6,FALSE,온라인,FALSE,해당없음,FALSE,FALSE
2024080754,8,4,3,TRUE,오프라인,FALSE,해당없음,FALSE,FALSE
2024080754,8,5,1,TRUE,오프라인,FALSE,해당없음,TRUE,TRUE
2024080755,8,7,2,FALSE,온라인,FALSE,해당없음,FALSE,FALSE
2024080758,8,7,3,FALSE,오프라인,FALSE,해당없음,TRUE,FALSE
2024080759,8,6,1,FALSE,온라인,FALSE,해당없음,FALSE,FALSE
2024080770,8,1,4,FALSE,온라인,FALSE,해당없음,FALSE,FALSE
2024080781,8,7,2,FALSE,오프라인,FALSE,해당없음,FALSE,FALSE
2024080784,8,6,14,TRUE,온라인,FALSE,해당없음,TRUE,TRUE
2024080785,8,2,2,FALSE,해당없음,TRUE,중간 휴회기간 이전,FALSE,FALSE
2024080786,8,4,3,TRUE,오프라인,FALSE,해당없음,FALSE,FALSE
2024080787,8,5,2,FALSE,온라인,FALSE,해당없음,FALSE,FALSE
2024080789,8,8,6,FALSE,온라인,FALSE,해당없음,FALSE,FALSE
2024080790,8,6,12,FALSE,해당없음,TRUE,중간 휴회기간 이전,FALSE,FALSE
2024080791,8,4,18,TRUE,온라인,TRUE,기말 휴회기간 이후,FALSE,FALSE
2024080792,8,6,2,TRUE,온라인,FALSE,해당없음,TRUE,TRUE
2024080796,8,1,5,FALSE,해당없음,TRUE,중간 휴회기간 이전,FALSE,FALSE
2024080799,8,4,4,FALSE,오프라인,FALSE,해당없음,FALSE,FALSE
2024080800,8,1,3,FALSE,온라인,TRUE,기말 휴회기간 이후,FALSE,FALSE
2024080804,8,4,1,FALSE,온라인,FALSE,해당없음,FALSE,FALSE
2024080806,8,2,1,FALSE,온라인,TRUE,중간 휴회기간 이후,FALSE,FALSE
2024080808,8,4,15,FALSE,오프라인,TRUE,중간 휴회기간 이후,FALSE,FALSE
2024080810,8,5,7,FALSE,온라인,TRUE,중간 휴회기간 이후,FALSE,FALSE
2024080811,8,4,19,FALSE,온라인,FALSE,해당없음,FALSE,FALSE
2024080816,8,6,13,TRUE,온라인,FALSE,해당없음,FALSE,TRUE
2024080817,8,7,2,TRUE,온라인,FALSE,해당없음,FALSE,FALSE
2024080829,8,8,6,FALSE,해당없음,TRUE,중간 휴회기간 이전,FALSE,FALSE
2024080830,8,2,6,FALSE,온라인,FALSE,해당없음,FALSE,FALSE
2024080832,8,4,1,TRUE,온라인,FALSE,해당없음,FALSE,FALSE
2024080834,8,1,11,FALSE,온라인,FALSE,해당없음,FALSE,FALSE
2024080843,8,6,4,FALSE,오프라인,FALSE,해당없음,FALSE,FALSE
2024080848,8,8,9,FALSE,온라인,FALSE,해당없음,FALSE,FALSE
2024080849,8,1,9,TRUE,오프라인,FALSE,해당없음,FALSE,FALSE
2024080851,8,4,5,FALSE,오프라인,FALSE,해당없음,TRUE,FALSE
2024080852,8,4,2,FALSE,온라인,FALSE,해당없음,TRUE,FALSE
2024080853,8,7,5,FALSE,온라인,FALSE,해당없음,FALSE,FALSE
2024080854,8,5,1,FALSE,오프라인,FALSE,해당없음,TRUE,FALSE
2024080855,8,7,4,TRUE,오프라인,TRUE,기말 휴회기간 이후,FALSE,FALSE
2024080856,8,5,3,FALSE,온라인,FALSE,해당없음,FALSE,FALSE
2024080858,8,8,5,FALSE,온라인,FALSE,해당없음,FALSE,FALSE
2024080861,8,6,14,FALSE,해당없음,TRUE,중간 휴회기간 이전,FALSE,FALSE
2024080862,8,1,8,TRUE,온라인,FALSE,해당없음,FALSE,FALSE
2024080865,8,4,4,FALSE,오프라인,FALSE,해당없음,FALSE,FALSE
2024080870,8,2,7,FALSE,오프라인,FALSE,해당없음,TRUE,FALSE
2024080873,8,4,15,FALSE,오프라인,FALSE,해당없음,FALSE,FALSE
2024080881,8,1,10,FALSE,오프라인,FALSE,해당없음,FALSE,FALSE
2024080883,8,6,3,TRUE,온라인,FALSE,해당없음,FALSE,TRUE
2024080884,8,4,2,TRUE,오프라인,FALSE,해당없음,TRUE,FALSE
2024080895,8,8,2,FALSE,오프라인,FALSE,해당없음,FALSE,FALSE
2024080901,8,1,12,TRUE,온라인,FALSE,해당없음,TRUE,TRUE
2024080905,8,1,5,FALSE,온라인,FALSE,해당없음,FALSE,FALSE
2024080906,8,8,5,TRUE,온라인,FALSE,해당없음,FALSE,FALSE
2024080907,8,7,6,FALSE,온라인,FALSE,해당없음,FALSE,FALSE
2024080910,8,1,2,TRUE,온라인,FALSE,해당없음,FALSE,FALSE
2024080913,8,1,10,FALSE,오프라인,FALSE,해당없음,FALSE,FALSE
2024080919,8,6,8,TRUE,오프라인,FALSE,해당없음,TRUE,TRUE
2024080921,8,8,1,FALSE,오프라인,FALSE,해당없음,FALSE,FALSE
2024080923,8,4,13,FALSE,온라인,FALSE,해당없음,TRUE,FALSE
2024080925,8,6,2,FALSE,오프라인,FALSE,해당없음,TRUE,FALSE
2024080926,8,6,5,FALSE,오프라인,TRUE,중간 휴회기간 이후,FALSE,FALSE
2024080928,8,1,13,FALSE,온라인,FALSE,해당없음,FALSE,FALSE
2024080936,8,6,4,FALSE,오프라인,FALSE,해당없음,FALSE,FALSE
2024080938,8,1,8,FALSE,온라인,FALSE,해당없음,FALSE,FALSE
2024080939,8,8,4,FALSE,오프라인,FALSE,해당없음,FALSE,FALSE
2024080942,8,5,4,TRUE,오프라인,FALSE,해당없음,FALSE,FALSE
2024080944,8,4,13,FALSE,온라인,FALSE,해당없음,TRUE,FALSE
2024080946,8,1,13,TRUE,온라인,FALSE,해당없음,FALSE,TRUE
2024080947,8,8,4,FALSE,온라인,FALSE,해당없음,FALSE,FALSE
2024080956,8,7,7,FALSE,온라인,FALSE,해당없음,FALSE,FALSE
2024080959,8,6,5,FALSE,온라인,TRUE,기말 휴회기간 이후,FALSE,FALSE
2024080960,8,8,1,FALSE,오프라인,FALSE,해당없음,FALSE,FALSE
2024080967,8,6,12,FALSE,해당없음,TRUE,중간 휴회기간 이전,FALSE,FALSE
2024080970,8,8,9,FALSE,온라인,FALSE,해당없음,FALSE,FALSE
2024080972,8,8,10,FALSE,온라인,TRUE,중간 휴회기간 이후,FALSE,FALSE
2024080973,8,5,5,FALSE,온라인,TRUE,중간 휴회기간 이후,FALSE,FALSE
2024080976,8,1,1,FALSE,오프라인,FALSE,해당없음,TRUE,FALSE
2024080990,8,4,3,FALSE,오프라인,FALSE,해당없음,FALSE,FALSE
2024080992,8,4,10,FALSE,해당없음,TRUE,중간 휴회기간 이전,FALSE,FALSE
2024080994,8,2,2,FALSE,해당없음,TRUE,중간 휴회기간 이전,FALSE,FALSE
2024080995,8,8,8,FALSE,오프라인,FALSE,해당없음,FALSE,FALSE
2024081000,8,8,6,FALSE,온라인,FALSE,해당없음,FALSE,FALSE
2024081002,8,4,2,TRUE,오프라인,FALSE,해당없음,TRUE,FALSE
2024081003,8,1,7,FALSE,오프라인,FALSE,해당없음,FALSE,FALSE
2024081014,8,4,7,FALSE,온라인,TRUE,중간 휴회기간 이후,FALSE,FALSE
2024081015,8,2,2,FALSE,해당없음,TRUE,중간 휴회기간 이전,FALSE,FALSE
2024081017,8,1,5,FALSE,오프라인,FALSE,해당없음,FALSE,FALSE
2024081018,8,5,1,FALSE,오프라인,FALSE,해당없음,TRUE,FALSE
2024081020,8,6,9,FALSE,온라인,FALSE,해당없음,FALSE,FALSE
2024081022,8,7,2,TRUE,온라인,FALSE,해당없음,FALSE,TRUE
2024081033,8,1,3,TRUE,온라인,FALSE,해당없음,FALSE,TRUE
2024081035,8,4,1,FALSE,온라인,FALSE,해당없음,FALSE,FALSE
2024081036,8,4,6,FALSE,오프라인,FALSE,해당없음,FALSE,FALSE
2024081039,8,2,7,TRUE,오프라인,FALSE,해당없음,TRUE,TRUE
2024081041,8,4,14,FALSE,오프라인,FALSE,해당없음,FALSE,FALSE
2024081043,8,6,3,FALSE,오프라인,FALSE,해당없음,FALSE,FALSE
2024081045,8,2,5,FALSE,온라인,FALSE,해당없음,FALSE,FALSE
2024081046,8,4,17,TRUE,해당없음,TRUE,중간 휴회기간 이전,FALSE,FALSE
2024081046,8,9,1,TRUE,온라인,TRUE,중간 휴회기간 이후,FALSE,FALSE
2024081047,8,8,5,FALSE,온라인,FALSE,해당없음,FALSE,FALSE
2024081048,8,1,6,TRUE,온라인,FALSE,해당없음,FALSE,FALSE
2024081050,8,2,5,FALSE,온라인,FALSE,해당없음,FALSE,FALSE
2024081052,8,4,12,FALSE,온라인,FALSE,해당없음,FALSE,FALSE
2024081053,8,7,4,FALSE,오프라인,FALSE,해당없음,FALSE,FALSE
2024081057,8,4,3,FALSE,오프라인,FALSE,해당없음,FALSE,FALSE
2024081059,8,2,3,FALSE,온라인,FALSE,해당없음,FALSE,FALSE
2024081060,8,6,1,TRUE,오프라인,FALSE,해당없음,FALSE,TRUE
2024081064,8,7,3,FALSE,오프라인,FALSE,해당없음,TRUE,FALSE
2024081065,8,8,6,FALSE,온라인,FALSE,해당없음,FALSE,FALSE
2024081067,8,5,7,FALSE,온라인,FALSE,해당없음,TRUE,FALSE
2024081070,8,4,6,FALSE,오프라인,FALSE,해당없음,FALSE,FALSE
2024081073,8,7,6,TRUE,온라인,FALSE,해당없음,FALSE,FALSE
2024081074,8,4,11,FALSE,온라인,FALSE,해당없음,FALSE,FALSE
2024090073,9,1,5,TRUE,온라인,FALSE,해당없음,FALSE,FALSE
2024090004,9,8,5,FALSE,오프라인,TRUE,중간 휴회기간 이후,FALSE,FALSE
2024090006,9,4,11,FALSE,오프라인,FALSE,해당없음,FALSE,FALSE
2024090014,9,1,2,FALSE,오프라인,TRUE,중간 휴회기간 이후,FALSE,FALSE
2024090092,9,1,5,FALSE,온라인,FALSE,해당없음,FALSE,FALSE
2024090017,9,5,4,TRUE,오프라인,FALSE,해당없음,FALSE,FALSE
2024090021,9,5,4,FALSE,오프라인,FALSE,해당없음,FALSE,FALSE
2024090027,9,2,7,TRUE,오프라인,FALSE,해당없음,FALSE,FALSE
2024090029,9,1,2,FALSE,오프라인,FALSE,해당없음,FALSE,FALSE
2024090031,9,13,2,FALSE,오프라인,TRUE,중간 휴회기간 이후,FALSE,FALSE
2024090033,9,12,2,FALSE,오프라인,FALSE,해당없음,FALSE,FALSE
2024090516,9,1,5,FALSE,온라인,FALSE,해당없음,FALSE,FALSE
2024090036,9,13,1,FALSE,오프라인,FALSE,해당없음,FALSE,FALSE
2024090037,9,2,9,FALSE,오프라인,TRUE,기말 휴회기간 이후,FALSE,FALSE
2024090039,9,5,5,TRUE,오프라인,FALSE,해당없음,FALSE,FALSE
2024090574,9,1,5,FALSE,온라인,FALSE,해당없음,FALSE,FALSE
2024090044,9,7,4,FALSE,오프라인,FALSE,해당없음,FALSE,FALSE
2024090048,9,1,1,FALSE,오프라인,FALSE,해당없음,FALSE,FALSE
2024090050,9,8,2,TRUE,오프라인,FALSE,해당없음,TRUE,TRUE
2024090054,9,2,10,FALSE,오프라인,FALSE,해당없음,FALSE,FALSE
2024090055,9,4,1,FALSE,오프라인,FALSE,해당없음,FALSE,FALSE
2024090055,9,5,4,FALSE,오프라인,FALSE,해당없음,FALSE,FALSE
2024090055,9,8,2,FALSE,오프라인,FALSE,해당없음,TRUE,FALSE
2024090056,9,2,8,FALSE,오프라인,FALSE,해당없음,FALSE,FALSE
2024090063,9,5,4,FALSE,오프라인,FALSE,해당없음,FALSE,FALSE
2024090684,9,1,5,FALSE,온라인,FALSE,해당없음,FALSE,FALSE
2024090073,9,4,8,FALSE,온라인,FALSE,해당없음,FALSE,FALSE
2024090075,9,4,16,FALSE,오프라인,FALSE,해당없음,FALSE,FALSE
2024090075,9,6,3,FALSE,오프라인,FALSE,해당없음,FALSE,FALSE
2024090093,9,4,8,FALSE,온라인,TRUE,기말 휴회기간 이후,FALSE,FALSE
2024090081,9,4,11,FALSE,오프라인,FALSE,해당없음,FALSE,FALSE
2024090083,9,8,8,FALSE,오프라인,FALSE,해당없음,FALSE,FALSE
2024090087,9,2,1,FALSE,오프라인,TRUE,중간 휴회기간 이후,FALSE,FALSE
2024090089,9,4,4,FALSE,오프라인,FALSE,해당없음,FALSE,FALSE
2024090459,9,4,8,FALSE,온라인,FALSE,해당없음,TRUE,FALSE
2024090501,9,4,8,FALSE,온라인,TRUE,중간 휴회기간 이후,FALSE,FALSE
2024090592,9,4,8,TRUE,온라인,TRUE,기말 휴회기간 이후,FALSE,FALSE
2024090097,9,1,2,FALSE,오프라인,TRUE,중간 휴회기간 이후,FALSE,FALSE
2024090097,9,2,2,FALSE,오프라인,TRUE,중간 휴회기간 이후,FALSE,FALSE
2024090100,9,4,16,FALSE,오프라인,FALSE,해당없음,FALSE,FALSE
2024090015,9,4,18,FALSE,온라인,FALSE,해당없음,FALSE,FALSE
2024090111,9,8,8,FALSE,오프라인,FALSE,해당없음,FALSE,FALSE
2024090113,9,7,5,FALSE,오프라인,FALSE,해당없음,FALSE,FALSE
2024090114,9,1,3,FALSE,오프라인,TRUE,중간 휴회기간 이후,FALSE,FALSE
2024090117,9,4,11,TRUE,오프라인,FALSE,해당없음,FALSE,FALSE
2024090119,9,2,3,FALSE,오프라인,FALSE,해당없음,FALSE,FALSE
2024090122,9,2,8,FALSE,오프라인,FALSE,해당없음,FALSE,FALSE
2024090132,9,5,1,TRUE,오프라인,FALSE,해당없음,FALSE,FALSE
2024090132,9,4,6,FALSE,오프라인,FALSE,해당없음,FALSE,FALSE
2024090133,9,7,5,FALSE,오프라인,FALSE,해당없음,FALSE,FALSE
2024090134,9,1,3,FALSE,오프라인,TRUE,중간 휴회기간 이전,FALSE,FALSE
2024090135,9,4,3,FALSE,오프라인,FALSE,해당없음,FALSE,FALSE
2024090138,9,8,1,FALSE,오프라인,FALSE,해당없음,FALSE,FALSE
2024090150,9,4,4,TRUE,오프라인,FALSE,해당없음,FALSE,FALSE
2024090151,9,4,1,FALSE,오프라인,FALSE,해당없음,FALSE,FALSE
2024090154,9,2,9,FALSE,오프라인,FALSE,해당없음,FALSE,FALSE
2024090154,9,4,14,FALSE,오프라인,FALSE,해당없음,FALSE,FALSE
2024090159,9,2,10,TRUE,오프라인,FALSE,해당없음,FALSE,FALSE
2024090168,9,6,3,FALSE,오프라인,FALSE,해당없음,FALSE,FALSE
2024090169,9,8,5,FALSE,오프라인,TRUE,중간 휴회기간 이후,FALSE,FALSE
2024090211,9,4,18,TRUE,온라인,TRUE,기말 휴회기간 이,FALSE,FALSE
2024090175,9,2,6,FALSE,오프라인,FALSE,해당없음,FALSE,FALSE
2024090179,9,2,5,FALSE,오프라인,FALSE,해당없음,FALSE,FALSE
2024090183,9,4,16,FALSE,오프라인,FALSE,해당없음,FALSE,FALSE
2024090189,9,6,6,FALSE,오프라인,FALSE,해당없음,TRUE,FALSE
2024090230,9,4,18,FALSE,온라인,FALSE,해당없음,FALSE,FALSE
2024090194,9,1,2,TRUE,오프라인,TRUE,중간 휴회기간 이후,FALSE,FALSE
2024090206,9,4,14,FALSE,오프라인,FALSE,해당없음,FALSE,FALSE
2024090321,9,4,18,FALSE,온라인,TRUE,중간 휴회기간 이후,FALSE,FALSE
2024090483,9,4,18,FALSE,온라인,FALSE,해당없음,FALSE,FALSE
2024090216,9,4,5,FALSE,오프라인,FALSE,해당없음,FALSE,FALSE
2024090687,9,4,18,FALSE,온라인,FALSE,해당없음,FALSE,FALSE
2024090228,9,6,3,FALSE,오프라인,FALSE,해당없음,FALSE,FALSE
2024090093,9,5,6,FALSE,온라인,TRUE,기말 휴회기간 이후,FALSE,FALSE
2024090233,9,4,1,FALSE,오프라인,FALSE,해당없음,FALSE,FALSE
2024090236,9,2,3,FALSE,오프라인,FALSE,해당없음,FALSE,FALSE
2024090237,9,7,7,FALSE,오프라인,FALSE,해당없음,FALSE,FALSE
2024090321,9,5,6,FALSE,온라인,TRUE,중간 휴회기간 이후,FALSE,FALSE
2024090240,9,11,1,FALSE,오프라인,FALSE,해당없음,FALSE,FALSE
2024090247,9,2,5,FALSE,오프라인,FALSE,해당없음,FALSE,FALSE
2024090247,9,6,2,FALSE,오프라인,FALSE,해당없음,FALSE,FALSE
2024090252,9,11,2,TRUE,오프라인,TRUE,중간 휴회기간 이후,FALSE,FALSE
2024090253,9,2,9,TRUE,오프라인,FALSE,해당없음,FALSE,FALSE
2024090255,9,2,1,TRUE,오프라인,FALSE,해당없음,TRUE,TRUE
2024090257,9,4,6,FALSE,오프라인,FALSE,해당없음,FALSE,FALSE
2024090257,9,5,1,FALSE,오프라인,FALSE,해당없음,FALSE,FALSE
2024090260,9,2,8,FALSE,오프라인,FALSE,해당없음,FALSE,FALSE
2024090268,9,8,2,FALSE,오프라인,FALSE,해당없음,TRUE,FALSE
2024090269,9,12,2,FALSE,오프라인,FALSE,해당없음,FALSE,FALSE
2024090271,9,4,15,FALSE,오프라인,FALSE,해당없음,FALSE,FALSE
2024090272,9,8,8,FALSE,오프라인,FALSE,해당없음,FALSE,FALSE
2024090366,9,5,6,FALSE,온라인,FALSE,해당없음,TRUE,FALSE
2024090276,9,2,2,TRUE,오프라인,FALSE,해당없음,FALSE,FALSE
2024090277,9,4,2,FALSE,오프라인,FALSE,해당없음,FALSE,FALSE
2024090278,9,1,1,FALSE,오프라인,FALSE,해당없음,FALSE,FALSE
2024090278,9,2,7,FALSE,오프라인,FALSE,해당없음,FALSE,FALSE
2024090279,9,6,2,FALSE,오프라인,FALSE,해당없음,FALSE,FALSE
2024090290,9,4,5,FALSE,오프라인,FALSE,해당없음,FALSE,FALSE
2024090295,9,1,1,FALSE,오프라인,FALSE,해당없음,FALSE,FALSE
2024090298,9,2,4,TRUE,오프라인,TRUE,기말 휴회기간 이후,FALSE,FALSE
2024090304,9,4,7,TRUE,오프라인,FALSE,해당없음,FALSE,FALSE
2024090312,9,11,2,FALSE,오프라인,TRUE,확인 불가,FALSE,FALSE
2024090312,9,13,1,FALSE,오프라인,FALSE,해당없음,FALSE,FALSE
2024090317,9,7,6,FALSE,오프라인,FALSE,해당없음,FALSE,FALSE
2024090319,9,1,4,TRUE,오프라인,FALSE,해당없음,FALSE,FALSE
2024090319,9,5,2,FALSE,오프라인,FALSE,해당없음,FALSE,FALSE
2024090592,9,5,6,FALSE,온라인,TRUE,기말 휴회기간 이후,FALSE,FALSE
2024090630,9,5,6,FALSE,온라인,FALSE,해당없음,TRUE,FALSE
2024090325,9,12,2,TRUE,오프라인,FALSE,해당없음,FALSE,FALSE
2024090330,9,6,6,FALSE,오프라인,FALSE,해당없음,TRUE,FALSE
2024090331,9,13,1,FALSE,오프라인,FALSE,해당없음,FALSE,FALSE
2024090334,9,7,7,FALSE,오프라인,FALSE,해당없음,TRUE,FALSE
2024090336,9,4,4,FALSE,오프라인,FALSE,해당없음,FALSE,FALSE
2024090339,9,13,1,FALSE,오프라인,FALSE,해당없음,FALSE,FALSE
2024090348,9,13,2,TRUE,오프라인,TRUE,중간 휴회기간 이후,FALSE,FALSE
2024090349,9,8,8,FALSE,오프라인,FALSE,해당없음,FALSE,FALSE
2024090352,9,11,4,FALSE,오프라인,FALSE,해당없음,FALSE,FALSE
2024090352,9,7,7,TRUE,오프라인,FALSE,해당없음,TRUE,TRUE
2024090354,9,2,10,FALSE,오프라인,FALSE,해당없음,FALSE,FALSE
2024090355,9,4,6,FALSE,오프라인,FALSE,해당없음,FALSE,FALSE
2024090358,9,2,2,FALSE,오프라인,FALSE,해당없음,FALSE,FALSE
2024090360,9,4,10,FALSE,오프라인,FALSE,해당없음,FALSE,FALSE
2024090366,9,4,5,FALSE,오프라인,FALSE,해당없음,FALSE,FALSE
2024090687,9,5,6,TRUE,온라인,FALSE,해당없음,TRUE,TRUE
2024090367,9,8,3,FALSE,오프라인,TRUE,기말 휴회기간 이후,FALSE,FALSE
2024090367,9,11,1,FALSE,오프라인,FALSE,해당없음,FALSE,FALSE
2024090368,9,5,1,FALSE,오프라인,FALSE,해당없음,FALSE,FALSE
2024090370,9,4,16,FALSE,오프라인,FALSE,해당없음,FALSE,FALSE
2024090003,9,6,4,FALSE,온라인,FALSE,해당없음,FALSE,FALSE
2024090377,9,2,5,FALSE,오프라인,FALSE,해당없음,FALSE,FALSE
2024090377,9,4,12,FALSE,오프라인,FALSE,해당없음,FALSE,FALSE
2024090382,9,7,1,FALSE,오프라인,FALSE,해당없음,FALSE,FALSE
2024090392,9,7,2,FALSE,오프라인,TRUE,중간 휴회기간 이후,FALSE,FALSE
2024090397,9,2,8,TRUE,오프라인,FALSE,해당없음,FALSE,FALSE
2024090170,9,6,4,TRUE,온라인,FALSE,해당없음,FALSE,FALSE
2024090400,9,1,3,FALSE,오프라인,TRUE,확인 불가,FALSE,FALSE
2024090400,9,2,7,FALSE,오프라인,TRUE,확인 불가,FALSE,FALSE
2024090405,9,4,12,FALSE,오프라인,TRUE,중간 휴회기간 이후,FALSE,FALSE
2024090406,9,4,5,FALSE,오프라인,FALSE,해당없음,FALSE,FALSE
2024090408,9,2,4,FALSE,오프라인,FALSE,해당없음,FALSE,FALSE
2024090415,9,4,14,TRUE,오프라인,FALSE,해당없음,FALSE,FALSE
2024090418,9,11,3,FALSE,오프라인,FALSE,해당없음,FALSE,FALSE
2024090418,9,8,6,TRUE,오프라인,FALSE,해당없음,FALSE,FALSE
2024090422,9,7,2,FALSE,오프라인,FALSE,해당없음,FALSE,FALSE
2024090429,9,5,1,FALSE,오프라인,FALSE,해당없음,FALSE,FALSE
2024090275,9,6,4,FALSE,온라인,FALSE,해당없음,FALSE,FALSE
2024090449,9,6,6,FALSE,오프라인,TRUE,중간 휴회기간 이후,FALSE,FALSE
2024090450,9,4,17,TRUE,오프라인,FALSE,해당없음,FALSE,FALSE
2024090451,9,8,1,TRUE,오프라인,FALSE,해당없음,FALSE,FALSE
2024090455,9,6,3,FALSE,오프라인,FALSE,해당없음,FALSE,FALSE
2024090456,9,7,1,FALSE,오프라인,TRUE,기말 휴회기간 이후,FALSE,FALSE
2024090458,9,2,1,FALSE,오프라인,FALSE,해당없음,TRUE,FALSE
2024090459,9,2,1,FALSE,오프라인,FALSE,해당없음,FALSE,FALSE
2024090376,9,6,4,FALSE,온라인,FALSE,해당없음,FALSE,FALSE
2024090479,9,6,4,FALSE,온라인,FALSE,해당없음,FALSE,FALSE
2024090460,9,8,1,FALSE,오프라인,FALSE,해당없음,FALSE,FALSE
2024090462,9,1,4,FALSE,오프라인,FALSE,해당없음,FALSE,FALSE
2024090467,9,2,9,FALSE,오프라인,FALSE,해당없음,FALSE,FALSE
2024090209,9,6,5,TRUE,온라인,FALSE,해당없음,FALSE,FALSE
2024090477,9,4,16,TRUE,오프라인,FALSE,해당없음,FALSE,FALSE
2024090477,9,6,5,FALSE,온라인,FALSE,해당없음,FALSE,FALSE
2024090480,9,2,6,FALSE,오프라인,FALSE,해당없음,FALSE,FALSE
2024090481,9,13,2,FALSE,오프라인,TRUE,중간 휴회기간 이후,FALSE,FALSE
2024090613,9,6,5,FALSE,온라인,FALSE,해당없음,FALSE,FALSE
2024090489,9,8,3,FALSE,오프라인,FALSE,해당없음,FALSE,FALSE
2024090490,9,4,17,FALSE,오프라인,FALSE,해당없음,FALSE,FALSE
2024090495,9,4,12,TRUE,오프라인,FALSE,해당없음,FALSE,FALSE
2024090499,9,4,6,TRUE,오프라인,FALSE,해당없음,FALSE,FALSE
2024090499,9,5,1,FALSE,오프라인,FALSE,해당없음,FALSE,FALSE
2024090500,9,11,4,FALSE,오프라인,FALSE,해당없음,FALSE,FALSE
2024090100,9,6,7,TRUE,온라인,TRUE,중간 휴회기간 이후,FALSE,FALSE
2024090504,9,4,10,FALSE,오프라인,FALSE,해당없음,FALSE,FALSE
2024090505,9,7,1,FALSE,오프라인,FALSE,해당없음,FALSE,FALSE
2024090459,9,6,7,FALSE,온라인,FALSE,해당없음,FALSE,FALSE
2024090516,9,2,6,FALSE,오프라인,FALSE,해당없음,FALSE,FALSE
2024090518,9,4,3,FALSE,오프라인,FALSE,해당없음,FALSE,FALSE
2024090523,9,6,2,FALSE,오프라인,FALSE,해당없음,FALSE,FALSE
2024090529,9,11,3,FALSE,오프라인,FALSE,해당없음,FALSE,FALSE
2024090642,9,6,7,FALSE,온라인,TRUE,중간 휴회기간 이후,FALSE,FALSE
2024090535,9,4,1,FALSE,오프라인,FALSE,해당없음,FALSE,FALSE
2024090535,9,13,2,FALSE,오프라인,TRUE,중간 휴회기간 이후,FALSE,FALSE
2024090537,9,4,9,FALSE,오프라인,FALSE,해당없음,FALSE,FALSE
2024090539,9,8,8,FALSE,오프라인,FALSE,해당없음,FALSE,FALSE
2024090540,9,4,12,FALSE,오프라인,FALSE,해당없음,FALSE,FALSE
2024090542,9,7,6,FALSE,오프라인,FALSE,해당없음,FALSE,FALSE
2024090542,9,11,3,TRUE,오프라인,FALSE,해당없음,FALSE,FALSE
2024090543,9,7,4,TRUE,오프라인,TRUE,중간 휴회기간 이후,FALSE,FALSE
2024090552,9,7,4,FALSE,오프라인,FALSE,해당없음,FALSE,FALSE
2024090553,9,4,17,FALSE,오프라인,TRUE,중간 휴회기간 이후,FALSE,FALSE
2024090557,9,4,9,FALSE,오프라인,FALSE,해당없음,FALSE,FALSE
2024090559,9,4,2,FALSE,오프라인,FALSE,해당없음,FALSE,FALSE
2024090560,9,2,2,FALSE,오프라인,FALSE,해당없음,FALSE,FALSE
2024090565,9,4,14,FALSE,오프라인,FALSE,해당없음,FALSE,FALSE
2024090568,9,4,15,TRUE,오프라인,FALSE,해당없음,FALSE,FALSE
2024090568,9,6,6,TRUE,오프라인,FALSE,해당없음,TRUE,TRUE
2024090572,9,4,9,TRUE,오프라인,FALSE,해당없음,FALSE,FALSE
2024090573,9,2,6,FALSE,오프라인,FALSE,해당없음,FALSE,FALSE
2024090645,9,6,7,FALSE,온라인,FALSE,해당없음,FALSE,FALSE
2024090577,9,4,1,FALSE,오프라인,FALSE,해당없음,FALSE,FALSE
2024090578,9,2,1,FALSE,오프라인,FALSE,해당없음,TRUE,FALSE
2024090582,9,6,6,FALSE,오프라인,FALSE,해당없음,TRUE,FALSE
2024090583,9,4,7,FALSE,오프라인,FALSE,해당없음,FALSE,FALSE
2024090591,9,4,2,TRUE,오프라인,FALSE,해당없음,FALSE,FALSE
2024090079,9,12,1,FALSE,온라인,FALSE,해당없음,FALSE,FALSE
2024090237,9,12,1,FALSE,온라인,FALSE,해당없음,TRUE,FALSE
2024090595,9,1,4,FALSE,오프라인,FALSE,해당없음,FALSE,FALSE
2024090596,9,7,4,FALSE,오프라인,FALSE,해당없음,FALSE,FALSE
2024090599,9,13,1,TRUE,오프라인,FALSE,해당없음,FALSE,FALSE
2024090606,9,4,10,TRUE,오프라인,FALSE,해당없음,FALSE,FALSE
2024090609,9,4,10,FALSE,오프라인,TRUE,기말 휴회기간 이후,FALSE,FALSE
기말 휴회기간 이후,9,5,4,FALSE,오프라인,TRUE,기말 휴회기간 이휴,FALSE,FALSE
2024090607,9,11,4,TRUE,오프라인,FALSE,해당없음,FALSE,FALSE
2024090611,9,11,1,FALSE,오프라인,FALSE,해당없음,FALSE,FALSE
2024090399,9,12,1,TRUE,온라인,FALSE,해당없음,FALSE,FALSE
2024090615,9,4,9,FALSE,오프라인,FALSE,해당없음,FALSE,FALSE
2024090621,9,13,5,TRUE,오프라인,TRUE,중간 휴회기간 이전,FALSE,FALSE
2024090622,9,4,15,FALSE,오프라인,FALSE,해당없음,FALSE,FALSE
2024090623,9,5,2,FALSE,오프라인,FALSE,해당없음,FALSE,FALSE
2024090625,9,1,2,FALSE,오프라인,FALSE,해당없음,FALSE,FALSE
2024090682,9,12,1,FALSE,온라인,FALSE,해당없음,FALSE,FALSE
2024090636,9,5,5,FALSE,오프라인,FALSE,해당없음,FALSE,FALSE
2024090035,9,13,3,FALSE,온라인,FALSE,해당없음,FALSE,FALSE
2024090639,9,2,4,FALSE,오프라인,FALSE,해당없음,FALSE,FALSE
2024090641,9,8,8,TRUE,오프라인,FALSE,해당없음,FALSE,FALSE
2024090218,9,13,3,FALSE,온라인,TRUE,중간 휴회기간 이후,FALSE,FALSE
2024090445,9,13,3,TRUE,온라인,FALSE,해당없음,FALSE,FALSE
2024090649,9,4,5,TRUE,오프라인,FALSE,해당없음,FALSE,FALSE
2024090652,9,4,7,FALSE,오프라인,FALSE,해당없음,FALSE,FALSE
2024090653,9,4,11,FALSE,오프라인,FALSE,해당없음,FALSE,FALSE
2024090657,9,11,2,FALSE,오프라인,TRUE,확인 불가,FALSE,FALSE
2024090659,9,2,7,FALSE,오프라인,FALSE,해당없음,FALSE,FALSE
2024090663,9,11,2,TRUE,오프라인,TRUE,중간 휴회기간 이후,FALSE,FALSE
2024090663,9,7,6,TRUE,오프라인,FALSE,해당없음,FALSE,FALSE
2024090665,9,2,6,TRUE,오프라인,FALSE,해당없음,FALSE,FALSE
2024090665,9,4,17,FALSE,오프라인,FALSE,해당없음,FALSE,FALSE
2024090671,9,4,13,FALSE,오프라인,FALSE,해당없음,FALSE,FALSE
2024090674,9,4,13,FALSE,오프라인,FALSE,해당없음,FALSE,FALSE
2024090675,9,4,15,FALSE,오프라인,FALSE,해당없음,FALSE,FALSE
2024090676,9,4,7,FALSE,오프라인,FALSE,해당없음,FALSE,FALSE
2024090638,9,13,3,FALSE,온라인,TRUE,중간 휴회기간 이후,FALSE,FALSE
2024090684,9,2,3,TRUE,오프라인,FALSE,해당없음,FALSE,FALSE
2024090701,9,13,3,FALSE,온라인,FALSE,해당없음,FALSE,FALSE
2024090685,9,6,3,TRUE,오프라인,FALSE,해당없음,FALSE,FALSE
2024090687,9,2,2,FALSE,오프라인,FALSE,해당없음,FALSE,FALSE
2024090042,9,일반학회원,1,TRUE,온라인,FALSE,해당없음,FALSE,FALSE
2024090192,9,일반학회원,1,FALSE,온라인,FALSE,해당없음,FALSE,FALSE
2024090691,9,5,2,TRUE,오프라인,FALSE,해당없음,FALSE,FALSE
2024090691,9,4,3,FALSE,오프라인,FALSE,해당없음,FALSE,FALSE
2024090693,9,4,2,FALSE,오프라인,FALSE,해당없음,FALSE,FALSE
2024090696,9,8,3,TRUE,오프라인,FALSE,해당없음,FALSE,FALSE
2024090698,9,4,3,TRUE,오프라인,FALSE,해당없음,FALSE,FALSE
2024090532,9,일반학회원,1,FALSE,온라인,FALSE,해당없음,FALSE,FALSE
2024090702,9,2,5,TRUE,오프라인,FALSE,해당없음,FALSE,FALSE
2024090703,9,5,2,FALSE,오프라인,FALSE,해당없음,FALSE,FALSE
2024090706,9,8,6,FALSE,오프라인,FALSE,해당없음,FALSE,FALSE
2024090712,9,1,1,FALSE,오프라인,FALSE,해당없음,FALSE,FALSE
2024090716,9,6,2,FALSE,오프라인,FALSE,해당없음,FALSE,FALSE
2024090716,9,7,2,FALSE,오프라인,FALSE,해당없음,FALSE,FALSE
2024090730,9,5,5,FALSE,오프라인,TRUE,중간 휴회기간 이후,FALSE,FALSE
2024090738,9,8,5,TRUE,오프라인,TRUE,중간 휴회기간 이후,FALSE,FALSE
2024090739,9,11,3,FALSE,오프라인,FALSE,해당없음,FALSE,FALSE
2024090748,9,4,1,TRUE,오프라인,FALSE,해당없음,FALSE,FALSE
2024090749,9,4,2,FALSE,오프라인,FALSE,해당없음,FALSE,FALSE
2024090751,9,7,2,TRUE,오프라인,FALSE,해당없음,FALSE,FALSE
2024090750,9,1,1,FALSE,오프라인,FALSE,해당없음,FALSE,FALSE
2024090757,9,11,1,TRUE,오프라인,FALSE,해당없음,FALSE,FALSE
2024090760,9,1,1,TRUE,오프라인,FALSE,해당없음,FALSE,FALSE
2024090761,9,4,10,FALSE,오프라인,FALSE,해당없음,FALSE,FALSE
2024090769,9,6,3,FALSE,오프라인,FALSE,해당없음,FALSE,FALSE
2024090773,9,2,9,FALSE,오프라인,FALSE,해당없음,FALSE,FALSE
2024090781,9,4,4,FALSE,오프라인,FALSE,해당없음,FALSE,FALSE
2024090789,9,2,8,FALSE,오프라인,FALSE,해당없음,FALSE,FALSE
2024090790,9,7,1,TRUE,오프라인,TRUE,기말 휴회기간 이후,FALSE,FALSE
2024090791,9,6,2,TRUE,오프라인,FALSE,해당없음,FALSE,FALSE
2024090796,9,8,6,FALSE,오프라인,FALSE,해당없음,FALSE,FALSE
2024090798,9,11,4,FALSE,오프라인,FALSE,해당없음,FALSE,FALSE
2024090804,9,1,2,FALSE,오프라인,TRUE,중간 휴회기간 이후,FALSE,FALSE
2024090807,9,4,13,TRUE,오프라인,TRUE,중간 휴회기간 이후,FALSE,FALSE
2024090812,9,1,4,FALSE,오프라인,FALSE,해당없음,FALSE,FALSE
2024090818,9,2,3,FALSE,오프라인,FALSE,해당없음,FALSE,FALSE
2024090823,9,13,1,FALSE,오프라인,FALSE,해당없음,FALSE,FALSE
2024090824,9,5,2,FALSE,오프라인,FALSE,해당없음,FALSE,FALSE
2025100391,10,1,1,FALSE,오프라인,FALSE,해당없음,FALSE,FALSE
2025100010,10,1,1,FALSE,오프라인,FALSE,해당없음,FALSE,FALSE
2025100329,10,1,1,TRUE,오프라인,FALSE,해당없음,FALSE,FALSE
2025100367,10,1,1,FALSE,오프라인,TRUE,중간 휴회기간 이전,FALSE,FALSE
2025100894,10,1,2,FALSE,온오프라인,FALSE,해당없음,FALSE,FALSE
2025100447,10,1,2,FALSE,온오프라인,FALSE,해당없음,FALSE,FALSE
2025100695,10,1,2,TRUE,온오프라인,TRUE,중간 휴회기간 이전,FALSE,FALSE
2025100504,10,1,3,TRUE,온라인,TRUE,중간 휴회기간 이전,FALSE,FALSE
2025100660,10,1,3,FALSE,온라인,FALSE,해당없음,FALSE,FALSE
2025100192,10,1,3,FALSE,온라인,FALSE,해당없음,FALSE,FALSE
2025100174,10,1,4,TRUE,온라인,FALSE,해당없음,FALSE,FALSE
2025100533,10,1,4,FALSE,온라인,FALSE,해당없음,FALSE,FALSE
2025100677,10,1,4,FALSE,온라인,FALSE,해당없음,FALSE,FALSE
2025100637,10,1,4,FALSE,온라인,FALSE,해당없음,FALSE,FALSE
2025100831,10,1,5,FALSE,오프라인,FALSE,해당없음,FALSE,FALSE
2025100829,10,1,5,FALSE,오프라인,FALSE,해당없음,FALSE,FALSE
2025100415,10,1,5,TRUE,오프라인,FALSE,해당없음,FALSE,FALSE
2025100026,10,1,5,FALSE,오프라인,FALSE,해당없음,FALSE,FALSE
2025100503,10,1,5,FALSE,오프라인,FALSE,해당없음,FALSE,FALSE
2025100516,10,1,5,FALSE,오프라인,FALSE,해당없음,FALSE,FALSE
2025100202,10,1,6,FALSE,오프라인,FALSE,해당없음,FALSE,FALSE
2025100240,10,1,6,TRUE,오프라인,FALSE,해당없음,FALSE,FALSE
2025100545,10,1,6,FALSE,오프라인,FALSE,해당없음,FALSE,FALSE
2025100697,10,1,6,FALSE,오프라인,FALSE,해당없음,FALSE,FALSE
2025100434,10,1,6,FALSE,오프라인,FALSE,해당없음,FALSE,FALSE
2025100420,10,2,1,TRUE,온라인,FALSE,해당없음,FALSE,FALSE
2025100739,10,2,1,FALSE,온라인,FALSE,해당없음,FALSE,FALSE
2025100844,10,2,1,FALSE,온라인,FALSE,해당없음,FALSE,FALSE
2025100159,10,2,1,FALSE,온라인,FALSE,해당없음,FALSE,FALSE
2025100533,10,2,1,FALSE,온라인,FALSE,해당없음,FALSE,FALSE
2025100463,10,2,1,FALSE,온라인,FALSE,해당없음,FALSE,FALSE
2025100370,10,2,2,FALSE,오프라인,FALSE,해당없음,FALSE,FALSE
2025100695,10,2,2,FALSE,오프라인,FALSE,해당없음,FALSE,FALSE
2025100519,10,2,2,FALSE,오프라인,FALSE,해당없음,FALSE,FALSE
2025100300,10,2,2,FALSE,오프라인,FALSE,해당없음,FALSE,FALSE
2025100731,10,2,2,TRUE,오프라인,FALSE,해당없음,FALSE,FALSE
2025100040,10,2,2,FALSE,오프라인,TRUE,중간 휴회기간 이전,FALSE,FALSE
2025100133,10,2,3,TRUE,오프라인,FALSE,해당없음,FALSE,FALSE
2025100504,10,2,3,FALSE,오프라인,FALSE,해당없음,FALSE,FALSE
2025100453,10,2,3,FALSE,오프라인,FALSE,해당없음,FALSE,FALSE
2025100411,10,2,3,FALSE,오프라인,FALSE,해당없음,FALSE,FALSE
2025100616,10,2,3,FALSE,오프라인,FALSE,해당없음,FALSE,FALSE
2025100669,10,2,4,TRUE,온오프라인,FALSE,해당없음,FALSE,FALSE
2025100848,10,2,4,FALSE,온오프라인,FALSE,해당없음,FALSE,FALSE
2025100336,10,2,4,FALSE,온오프라인,FALSE,해당없음,FALSE,FALSE
2025100694,10,2,4,FALSE,온오프라인,FALSE,해당없음,FALSE,FALSE
2025100381,10,2,4,FALSE,온오프라인,FALSE,해당없음,FALSE,FALSE
2025100266,10,2,5,TRUE,오프라인,FALSE,해당없음,FALSE,FALSE
2025100479,10,2,5,FALSE,오프라인,FALSE,해당없음,FALSE,FALSE
2025100047,10,2,5,FALSE,오프라인,FALSE,해당없음,FALSE,FALSE
2025100555,10,2,5,FALSE,오프라인,FALSE,해당없음,FALSE,FALSE
2025100086,10,2,5,FALSE,오프라인,FALSE,해당없음,FALSE,FALSE
2025100231,10,2,7,TRUE,오프라인,FALSE,해당없음,FALSE,FALSE
2025100779,10,2,7,FALSE,오프라인,FALSE,해당없음,FALSE,FALSE
2025100516,10,2,7,FALSE,오프라인,FALSE,해당없음,FALSE,FALSE
2025100858,10,2,7,FALSE,오프라인,FALSE,해당없음,FALSE,FALSE
2025100891,10,2,8,FALSE,온라인,FALSE,해당없음,FALSE,FALSE
2025100870,10,2,8,FALSE,온라인,FALSE,해당없음,FALSE,FALSE
2025100090,10,2,8,TRUE,온라인,FALSE,해당없음,FALSE,FALSE
2025100185,10,2,8,FALSE,온라인,FALSE,해당없음,FALSE,FALSE
2025100177,10,2,9,TRUE,오프라인,FALSE,해당없음,FALSE,FALSE
2025100224,10,2,9,FALSE,오프라인,FALSE,해당없음,FALSE,FALSE
2025100854,10,2,9,FALSE,오프라인,FALSE,해당없음,FALSE,FALSE
2025100659,10,2,9,FALSE,오프라인,FALSE,해당없음,FALSE,FALSE
2025100697,10,2,10,TRUE,오프라인,FALSE,해당없음,FALSE,FALSE
2025100415,10,2,10,FALSE,오프라인,FALSE,해당없음,FALSE,FALSE
2025100073,10,2,10,FALSE,오프라인,FALSE,해당없음,FALSE,FALSE
2025100202,10,2,11,FALSE,오프라인,FALSE,해당없음,FALSE,FALSE
2025100425,10,2,11,FALSE,오프라인,TRUE,해당없음,FALSE,FALSE
2025100369,10,2,11,FALSE,오프라인,TRUE,해당없음,FALSE,FALSE
2025100152,10,2,11,FALSE,오프라인,FALSE,해당없음,FALSE,FALSE
2025100497,10,2,11,TRUE,오프라인,FALSE,해당없음,FALSE,FALSE
2025100590,10,2,12,FALSE,온라인,FALSE,해당없음,FALSE,FALSE
2025100545,10,2,12,FALSE,온라인,FALSE,해당없음,FALSE,FALSE
2025100119,10,2,12,FALSE,온라인,FALSE,해당없음,FALSE,FALSE
2025100670,10,2,12,FALSE,온라인,FALSE,해당없음,FALSE,FALSE
2025100434,10,2,12,TRUE,온라인,FALSE,해당없음,FALSE,FALSE
2025100432,10,2,13,TRUE,온라인,TRUE,해당없음,FALSE,FALSE
2025100583,10,2,13,FALSE,온라인,FALSE,해당없음,FALSE,FALSE
2025100386,10,2,13,FALSE,온라인,FALSE,해당없음,FALSE,FALSE
2025100180,10,2,13,FALSE,온라인,FALSE,해당없음,FALSE,FALSE
2025100032,10,2,13,FALSE,온라인,FALSE,해당없음,FALSE,FALSE
2025100008,10,2,14,FALSE,온라인,FALSE,해당없음,FALSE,FALSE
2025100026,10,2,14,TRUE,온라인,FALSE,해당없음,FALSE,FALSE
2025100791,10,2,14,FALSE,온라인,FALSE,해당없음,FALSE,FALSE
2025100733,10,2,14,FALSE,온라인,FALSE,해당없음,FALSE,FALSE
2025100306,10,3,1,TRUE,오프라인,FALSE,해당없음,FALSE,FALSE
2025100721,10,3,1,FALSE,오프라인,FALSE,해당없음,FALSE,FALSE
2025100717,10,3,1,FALSE,오프라인,FALSE,해당없음,FALSE,FALSE
2025100672,10,3,1,FALSE,오프라인,FALSE,해당없음,FALSE,FALSE
2025100099,10,3,1,FALSE,오프라인,FALSE,해당없음,FALSE,FALSE
2025100126,10,3,2,TRUE,온라인,TRUE,해당없음,FALSE,FALSE
2025100016,10,3,2,FALSE,온라인,FALSE,해당없음,FALSE,FALSE
2025100458,10,3,2,FALSE,온라인,FALSE,해당없음,FALSE,FALSE
2025100578,10,3,2,FALSE,온라인,FALSE,해당없음,FALSE,FALSE
2025100647,10,3,2,FALSE,온라인,FALSE,해당없음,FALSE,FALSE
2025100446,10,3,3,TRUE,온라인,FALSE,해당없음,FALSE,FALSE
2025100360,10,3,3,FALSE,온라인,FALSE,해당없음,FALSE,FALSE
2025100294,10,3,3,FALSE,온라인,FALSE,해당없음,FALSE,FALSE
2025100901,10,3,3,FALSE,온라인,FALSE,해당없음,FALSE,FALSE
2025100359,10,3,4,TRUE,온라인,FALSE,해당없음,FALSE,FALSE
2025100844,10,3,4,FALSE,온라인,FALSE,해당없음,FALSE,FALSE
2025100899,10,3,4,FALSE,온라인,FALSE,해당없음,FALSE,FALSE
2025100624,10,3,4,FALSE,온라인,FALSE,해당없음,FALSE,FALSE
2025100250,10,3,6,TRUE,온라인,FALSE,해당없음,FALSE,FALSE
2025100232,10,3,6,FALSE,온라인,FALSE,해당없음,FALSE,FALSE
2025100565,10,3,6,FALSE,온라인,FALSE,해당없음,FALSE,FALSE
2025100191,10,3,6,FALSE,온라인,FALSE,해당없음,FALSE,FALSE
2025100036,10,3,6,FALSE,온라인,FALSE,해당없음,FALSE,FALSE
2025100531,10,3,7,TRUE,온라인,FALSE,해당없음,FALSE,FALSE
2025100055,10,3,7,FALSE,온라인,FALSE,해당없음,FALSE,FALSE
2025100624,10,3,7,FALSE,온라인,FALSE,해당없음,FALSE,FALSE
2025100643,10,3,7,FALSE,온라인,FALSE,해당없음,FALSE,FALSE
2025100263,10,3,8,TRUE,오프라인,FALSE,해당없음,FALSE,FALSE
2025100829,10,3,8,FALSE,오프라인,FALSE,해당없음,FALSE,FALSE
2025100725,10,3,8,FALSE,오프라인,FALSE,해당없음,FALSE,FALSE
2025100557,10,3,8,FALSE,오프라인,FALSE,해당없음,FALSE,FALSE
2025100669,10,3,9,TRUE,온라인,FALSE,해당없음,FALSE,FALSE
2025100800,10,3,9,FALSE,온라인,FALSE,해당없음,FALSE,FALSE
2025100158,10,3,9,FALSE,온라인,FALSE,해당없음,FALSE,FALSE
2025100424,10,3,9,FALSE,온라인,FALSE,해당없음,FALSE,FALSE
2025100611,10,3,9,FALSE,온라인,FALSE,해당없음,FALSE,FALSE
2025100357,10,3,10,FALSE,온라인,FALSE,해당없음,FALSE,FALSE
2025100196,10,3,10,FALSE,온라인,FALSE,해당없음,FALSE,FALSE
2025100370,10,3,10,TRUE,온라인,FALSE,해당없음,FALSE,FALSE
2025100627,10,3,10,FALSE,온라인,FALSE,해당없음,FALSE,FALSE
2025100329,10,3,11,TRUE,오프라인,FALSE,해당없음,FALSE,FALSE
2025100767,10,3,11,FALSE,오프라인,FALSE,해당없음,FALSE,FALSE
2025100049,10,3,11,FALSE,오프라인,FALSE,해당없음,FALSE,FALSE
2025100246,10,3,11,FALSE,오프라인,FALSE,해당없음,FALSE,FALSE
2025100727,10,3,12,FALSE,온라인,FALSE,해당없음,FALSE,FALSE
2025100305,10,3,12,FALSE,온라인,FALSE,해당없음,FALSE,FALSE
2025100755,10,3,12,TRUE,온라인,FALSE,해당없음,FALSE,FALSE
2025100425,10,3,12,FALSE,온라인,FALSE,해당없음,FALSE,FALSE
2025100595,10,3,14,FALSE,온라인,FALSE,해당없음,FALSE,FALSE
2025100303,10,3,14,TRUE,온라인,FALSE,해당없음,FALSE,FALSE
2025100177,10,3,14,FALSE,온라인,FALSE,해당없음,FALSE,FALSE
2025100703,10,3,14,FALSE,온라인,FALSE,해당없음,FALSE,FALSE
2025100827,10,3,15,TRUE,오프라인,FALSE,해당없음,FALSE,FALSE
2025100051,10,3,15,FALSE,오프라인,FALSE,해당없음,FALSE,FALSE
2025100809,10,3,15,FALSE,오프라인,FALSE,해당없음,FALSE,FALSE
2024090694,10,3,15,FALSE,오프라인,FALSE,해당없음,FALSE,FALSE
2025100038,10,3,16,TRUE,온라인,FALSE,해당없음,FALSE,FALSE
2025100205,10,3,16,FALSE,온라인,FALSE,해당없음,FALSE,FALSE
2025100203,10,3,16,FALSE,온라인,FALSE,해당없음,FALSE,FALSE
2025100284,10,3,16,FALSE,온라인,FALSE,해당없음,FALSE,FALSE
2025100907,10,3,17,TRUE,오프라인,FALSE,해당없음,FALSE,FALSE
2025100477,10,3,17,FALSE,오프라인,FALSE,해당없음,FALSE,FALSE
2025100298,10,3,17,FALSE,오프라인,FALSE,해당없음,FALSE,FALSE
2025100701,10,3,17,FALSE,오프라인,FALSE,해당없음,FALSE,FALSE
2025100739,10,4,1,TRUE,온라인,FALSE,해당없음,FALSE,FALSE
2025100420,10,4,1,FALSE,온라인,FALSE,해당없음,FALSE,FALSE
2025100272,10,4,1,FALSE,온라인,FALSE,해당없음,FALSE,FALSE
2025100584,10,4,1,FALSE,온라인,FALSE,해당없음,FALSE,FALSE
2025100582,10,4,1,FALSE,온라인,FALSE,해당없음,FALSE,FALSE
2025100531,10,4,3,TRUE,온라인,TRUE,해당없음,FALSE,FALSE
2025100076,10,4,3,FALSE,온라인,TRUE,해당없음,FALSE,FALSE
2025100465,10,4,3,FALSE,온라인,TRUE,해당없음,FALSE,FALSE
2025100432,10,4,3,FALSE,온라인,TRUE,해당없음,FALSE,FALSE
2023060268,10,4,3,FALSE,온라인,FALSE,해당없음,FALSE,FALSE
2025100052,10,4,4,FALSE,오프라인,FALSE,해당없음,FALSE,FALSE
2025100064,10,4,4,FALSE,오프라인,TRUE,중간휴회기간 이전,FALSE,FALSE
2025100725,10,4,4,FALSE,오프라인,FALSE,해당없음,FALSE,FALSE
2025100049,10,4,4,FALSE,오프라인,FALSE,해당없음,FALSE,FALSE
2025100778,10,4,4,FALSE,오프라인,FALSE,해당없음,FALSE,FALSE
2025100897,10,4,5,TRUE,온라인,FALSE,해당없음,FALSE,FALSE
2025100597,10,4,5,FALSE,온라인,FALSE,해당없음,FALSE,FALSE
2025100221,10,4,5,FALSE,온라인,FALSE,해당없음,FALSE,FALSE
2025100246,10,4,5,FALSE,온라인,FALSE,해당없음,FALSE,FALSE
2025100519,10,4,5,FALSE,온라인,FALSE,해당없음,FALSE,FALSE
2025100875,10,4,6,FALSE,온라인,FALSE,해당없음,FALSE,FALSE
2025100061,10,4,6,FALSE,온라인,FALSE,해당없음,FALSE,FALSE
2025100305,10,4,6,FALSE,온라인,TRUE,중간 휴회기간 이전,FALSE,FALSE
2025100182,10,4,6,TRUE,온라인,FALSE,해당없음,FALSE,FALSE
2025100855,10,4,6,FALSE,온라인,TRUE,중간 휴회기간 이전,FALSE,FALSE
2025100116,10,4,7,FALSE,오프라인,FALSE,해당없음,FALSE,FALSE
2025100392,10,4,7,FALSE,오프라인,FALSE,해당없음,FALSE,FALSE
2025100288,10,4,7,TRUE,오프라인,FALSE,해당없음,FALSE,FALSE
2025100800,10,4,7,FALSE,오프라인,FALSE,해당없음,FALSE,FALSE
2025100357,10,4,7,FALSE,오프라인,FALSE,해당없음,FALSE,FALSE
2025100158,10,4,8,FALSE,온오프라인,TRUE,해당없음,FALSE,FALSE
2025100173,10,4,8,FALSE,온오프라인,FALSE,해당없음,FALSE,FALSE
2025100360,10,4,8,FALSE,온오프라인,FALSE,해당없음,FALSE,FALSE
2025100512,10,4,8,FALSE,온오프라인,FALSE,해당없음,FALSE,FALSE
2024090266,10,4,8,TRUE,온오프라인,FALSE,해당없음,FALSE,FALSE
2025100518,10,4,9,FALSE,오프라인,FALSE,해당없음,FALSE,FALSE
2025100057,10,4,9,TRUE,오프라인,FALSE,해당없음,FALSE,FALSE
2025100099,10,4,9,FALSE,오프라인,FALSE,해당없음,FALSE,FALSE
2025100309,10,5,1,TRUE,오프라인,FALSE,해당없음,FALSE,FALSE
2025100104,10,5,1,FALSE,오프라인,FALSE,해당없음,FALSE,FALSE
2025100200,10,5,1,FALSE,오프라인,FALSE,해당없음,FALSE,FALSE
2025100664,10,5,1,FALSE,오프라인,FALSE,해당없음,FALSE,FALSE
2025100809,10,5,1,FALSE,오프라인,FALSE,해당없음,FALSE,FALSE
2025100263,10,5,2,FALSE,온라인,FALSE,해당없음,FALSE,FALSE
2025100804,10,5,2,FALSE,온라인,FALSE,해당없음,FALSE,FALSE
2025100214,10,5,2,FALSE,온라인,FALSE,해당없음,FALSE,FALSE
2025100328,10,5,2,FALSE,온라인,FALSE,해당없음,FALSE,FALSE
2025100363,10,5,2,TRUE,온라인,TRUE,해당없음,FALSE,FALSE
2025100649,10,5,3,TRUE,온라인,FALSE,해당없음,FALSE,FALSE
2025100250,10,5,3,FALSE,온라인,FALSE,해당없음,FALSE,FALSE
2025100387,10,5,3,FALSE,온라인,FALSE,해당없음,FALSE,FALSE
2025100162,10,5,4,TRUE,온라인,FALSE,해당없음,FALSE,FALSE
2025100069,10,5,4,FALSE,온라인,FALSE,해당없음,FALSE,FALSE
2025100226,10,5,4,FALSE,온라인,FALSE,해당없음,FALSE,FALSE
2025100297,10,5,4,FALSE,온라인,FALSE,해당없음,FALSE,FALSE
2025100056,10,6,1,TRUE,오프라인,FALSE,해당없음,FALSE,FALSE
2025100552,10,6,1,FALSE,오프라인,FALSE,해당없음,FALSE,FALSE
2025100389,10,6,1,FALSE,오프라인,FALSE,해당없음,FALSE,FALSE
2025100134,10,6,1,FALSE,오프라인,FALSE,해당없음,FALSE,FALSE
2025100239,10,6,1,FALSE,오프라인,FALSE,해당없음,FALSE,FALSE
2025100270,10,6,2,TRUE,온라인,FALSE,해당없음,FALSE,FALSE
2025100598,10,6,2,FALSE,온라인,FALSE,해당없음,FALSE,FALSE
2025100866,10,6,2,FALSE,온라인,FALSE,해당없음,FALSE,FALSE
2025100699,10,6,3,TRUE,오프라인,FALSE,해당없음,TRUE,TRUE
2025100522,10,6,3,FALSE,오프라인,FALSE,해당없음,TRUE,FALSE
2025100678,10,6,3,FALSE,오프라인,FALSE,해당없음,TRUE,FALSE
2025100314,10,6,3,FALSE,오프라인,FALSE,해당없음,TRUE,FALSE
2025100743,10,6,3,FALSE,오프라인,FALSE,해당없음,TRUE,FALSE
2025100474,10,6,4,TRUE,온라인,FALSE,해당없음,FALSE,FALSE
2025100905,10,6,4,FALSE,온라인,FALSE,해당없음,FALSE,FALSE
2025100490,10,6,4,FALSE,온라인,FALSE,해당없음,FALSE,FALSE
2025100501,10,6,5,TRUE,온라인,FALSE,해당없음,FALSE,FALSE
2025100845,10,6,5,FALSE,온라인,FALSE,해당없음,FALSE,FALSE
2025100572,10,6,5,FALSE,온라인,FALSE,해당없음,FALSE,FALSE
2025100396,10,6,5,FALSE,온라인,FALSE,해당없음,FALSE,FALSE
2025100506,10,6,6,FALSE,오프라인,FALSE,해당없음,FALSE,FALSE
2025100338,10,6,6,TRUE,오프라인,FALSE,해당없음,FALSE,FALSE
2025100054,10,6,6,FALSE,오프라인,FALSE,해당없음,FALSE,FALSE
2025100685,10,6,6,FALSE,오프라인,FALSE,해당없음,FALSE,FALSE
2025100690,10,6,7,TRUE,온라인,FALSE,해당없음,FALSE,FALSE
2025100186,10,6,7,FALSE,온라인,FALSE,해당없음,FALSE,FALSE
2025100546,10,6,7,FALSE,온라인,FALSE,해당없음,FALSE,FALSE
2025100436,10,6,7,FALSE,온라인,FALSE,해당없음,FALSE,FALSE
2025100085,10,7,1,TRUE,온라인,FALSE,해당없음,FALSE,FALSE
2025100521,10,7,1,FALSE,온라인,FALSE,해당없음,FALSE,FALSE
2025100399,10,7,1,FALSE,온라인,FALSE,해당없음,FALSE,FALSE
2025100200,10,7,1,FALSE,온라인,FALSE,해당없음,FALSE,FALSE
2025100102,10,7,2,FALSE,오프라인,FALSE,해당없음,FALSE,FALSE
2025100622,10,7,2,FALSE,오프라인,FALSE,해당없음,FALSE,FALSE
2025100813,10,7,2,TRUE,오프라인,FALSE,해당없음,FALSE,FALSE
2025100514,10,7,3,TRUE,오프라인,FALSE,해당없음,FALSE,FALSE
2025100388,10,7,3,FALSE,오프라인,FALSE,해당없음,FALSE,FALSE
2025100321,10,7,3,FALSE,오프라인,FALSE,해당없음,FALSE,FALSE
2025100422,10,7,3,FALSE,오프라인,FALSE,해당없음,FALSE,FALSE
2025100466,10,7,3,FALSE,오프라인,FALSE,해당없음,FALSE,FALSE
2025100552,10,7,4,FALSE,온라인,FALSE,해당없음,FALSE,FALSE
2025100730,10,7,4,FALSE,온라인,FALSE,해당없음,FALSE,FALSE
2025100427,10,7,4,FALSE,온라인,FALSE,해당없음,FALSE,FALSE
2025100375,10,7,4,TRUE,온라인,FALSE,해당없음,FALSE,FALSE
2025100751,10,7,5,FALSE,온라인,FALSE,해당없음,FALSE,FALSE
2025100371,10,7,5,FALSE,온라인,FALSE,해당없음,FALSE,FALSE
2025100283,10,7,5,FALSE,온라인,FALSE,해당없음,FALSE,FALSE
2025100845,10,7,5,TRUE,온라인,FALSE,해당없음,FALSE,FALSE
2025100728,10,7,6,TRUE,오프라인,TRUE,중간 휴회기간 이전,FALSE,FALSE
2025100104,10,7,6,FALSE,오프라인,FALSE,해당없음,FALSE,FALSE
2025100344,10,7,6,FALSE,오프라인,FALSE,해당없음,FALSE,FALSE
2025100493,10,7,6,FALSE,오프라인,TRUE,중간 휴회기간 이전,FALSE,FALSE
2025100707,10,7,7,FALSE,온라인,FALSE,해당없음,FALSE,FALSE
2025100547,10,7,7,TRUE,온라인,FALSE,해당없음,FALSE,FALSE
2025100338,10,7,7,FALSE,온라인,FALSE,해당없음,FALSE,FALSE
2025100326,10,7,8,FALSE,온라인,FALSE,해당없음,FALSE,FALSE
2025100111,10,7,8,FALSE,온라인,FALSE,해당없음,FALSE,FALSE
2025100868,10,7,8,FALSE,온라인,FALSE,해당없음,FALSE,FALSE
2025100267,10,7,8,TRUE,온라인,FALSE,해당없음,FALSE,FALSE
2025100505,10,8,1,TRUE,온라인,FALSE,해당없음,FALSE,FALSE
2025100368,10,8,1,FALSE,온라인,FALSE,해당없음,FALSE,FALSE
2025100723,10,8,1,FALSE,온라인,FALSE,해당없음,FALSE,FALSE
2025100724,10,8,1,FALSE,온라인,FALSE,해당없음,FALSE,FALSE
2025100787,10,8,1,FALSE,온라인,FALSE,해당없음,FALSE,FALSE
2025100060,10,8,1,FALSE,온라인,FALSE,해당없음,FALSE,FALSE
2025100389,10,8,2,TRUE,오프라인,FALSE,해당없음,FALSE,FALSE
2025100067,10,8,2,FALSE,오프라인,FALSE,해당없음,FALSE,FALSE
2025100422,10,8,2,FALSE,오프라인,FALSE,해당없음,FALSE,FALSE
2025100673,10,8,2,FALSE,오프라인,FALSE,해당없음,FALSE,FALSE
2025100848,10,8,2,FALSE,오프라인,FALSE,해당없음,FALSE,FALSE
2025100841,10,8,3,FALSE,온라인,FALSE,해당없음,FALSE,FALSE
2025100316,10,8,3,FALSE,온라인,FALSE,해당없음,FALSE,FALSE
2025100013,10,8,3,FALSE,온라인,FALSE,해당없음,FALSE,FALSE
2025100720,10,8,3,TRUE,온라인,FALSE,해당없음,FALSE,FALSE
2025100258,10,8,4,TRUE,오프라인,FALSE,해당없음,FALSE,FALSE
2025100459,10,8,4,FALSE,오프라인,FALSE,해당없음,FALSE,FALSE
2025100679,10,8,4,FALSE,오프라인,FALSE,해당없음,FALSE,FALSE
2025100784,10,8,4,FALSE,오프라인,FALSE,해당없음,FALSE,FALSE
2025100249,10,8,5,TRUE,오프라인,FALSE,해당없음,TRUE,TRUE
2025100385,10,8,5,FALSE,오프라인,FALSE,해당없음,TRUE,FALSE
2025100353,10,8,5,FALSE,오프라인,FALSE,해당없음,TRUE,FALSE
2025100167,10,8,7,TRUE,온라인,FALSE,해당없음,FALSE,FALSE
2025100395,10,8,7,FALSE,온라인,FALSE,해당없음,FALSE,FALSE
2025100596,10,8,7,FALSE,온라인,FALSE,해당없음,FALSE,FALSE
2025100913,10,8,7,FALSE,온라인,TRUE,해당없음,FALSE,FALSE
2025100033,10,8,7,FALSE,온라인,FALSE,해당없음,FALSE,FALSE
2025100385,10,9,1,FALSE,오프라인,FALSE,해당없음,TRUE,FALSE
2025100249,10,9,1,FALSE,오프라인,FALSE,해당없음,TRUE,FALSE
2025100456,10,9,1,FALSE,오프라인,FALSE,해당없음,TRUE,FALSE
2025100747,10,9,1,TRUE,오프라인,FALSE,해당없음,TRUE,TRUE
2025100530,10,9,2,TRUE,온라인,FALSE,해당없음,FALSE,FALSE
2025100343,10,9,2,FALSE,온라인,FALSE,해당없음,FALSE,FALSE
2025100161,10,9,2,FALSE,온라인,FALSE,해당없음,FALSE,FALSE
2025100675,10,9,2,FALSE,온라인,FALSE,해당없음,FALSE,FALSE
2025100654,10,9,3,TRUE,오프라인,FALSE,해당없음,FALSE,FALSE
2025100123,10,9,3,FALSE,오프라인,FALSE,해당없음,FALSE,FALSE
2025100171,10,9,3,FALSE,오프라인,FALSE,해당없음,FALSE,FALSE
2025100009,10,9,3,FALSE,오프라인,FALSE,해당없음,FALSE,FALSE
2025100770,10,9,3,FALSE,오프라인,FALSE,해당없음,FALSE,FALSE
2025100213,10,9,5,TRUE,온라인,FALSE,해당없음,TRUE,TRUE
2025100882,10,9,5,FALSE,온라인,FALSE,해당없음,TRUE,FALSE
2025100111,10,9,5,FALSE,온라인,FALSE,해당없음,TRUE,FALSE
2025100332,10,9,5,FALSE,온라인,FALSE,해당없음,TRUE,FALSE
2025100651,10,9,5,FALSE,온라인,FALSE,해당없음,TRUE,FALSE
2025100593,10,9,6,TRUE,온라인,FALSE,해당없음,FALSE,FALSE
2025100467,10,9,6,FALSE,온라인,FALSE,해당없음,FALSE,FALSE
2025100140,10,9,6,FALSE,온라인,FALSE,해당없음,FALSE,FALSE
2025100781,10,9,6,FALSE,온라인,FALSE,해당없음,FALSE,FALSE
2025100162,10,9,6,FALSE,온라인,FALSE,해당없음,FALSE,FALSE
2025100888,10,9,7,FALSE,온오프라인,FALSE,해당없음,FALSE,FALSE
2025100033,10,9,7,TRUE,온오프라인,FALSE,해당없음,FALSE,FALSE
2025100788,10,9,7,FALSE,온오프라인,FALSE,해당없음,FALSE,FALSE
2025100553,10,9,7,FALSE,온오프라인,FALSE,해당없음,FALSE,FALSE
2025100737,10,9,8,FALSE,온오프라인,TRUE,해당없음,FALSE,FALSE
2025100393,10,9,8,FALSE,온오프라인,TRUE,해당없음,FALSE,FALSE
2025100325,10,9,8,FALSE,온오프라인,FALSE,해당없음,FALSE,FALSE
2025100714,10,9,8,TRUE,온오프라인,FALSE,해당없음,FALSE,FALSE
2025100024,10,10,3,FALSE,오프라인,FALSE,해당없음,FALSE,FALSE
2025100134,10,10,3,FALSE,오프라인,FALSE,해당없음,FALSE,FALSE
2025100427,10,10,3,TRUE,오프라인,FALSE,해당없음,FALSE,FALSE
2025100480,10,10,3,FALSE,오프라인,FALSE,해당없음,FALSE,FALSE
2025100562,10,10,4,FALSE,온라인,FALSE,해당없음,FALSE,FALSE
2025100028,10,10,4,TRUE,온라인,FALSE,해당없음,FALSE,FALSE
2025100029,10,10,4,FALSE,온라인,FALSE,해당없음,FALSE,FALSE
2025100639,10,10,4,FALSE,온라인,FALSE,해당없음,FALSE,FALSE
2025100700,10,10,5,FALSE,온오프라인,FALSE,해당없음,FALSE,FALSE
2025100496,10,10,5,TRUE,온오프라인,FALSE,해당없음,FALSE,FALSE
2025100148,10,10,5,FALSE,온오프라인,FALSE,해당없음,FALSE,FALSE
2025100250,10,10,5,FALSE,온오프라인,FALSE,해당없음,FALSE,FALSE
2025100407,10,10,6,TRUE,온오프라인,FALSE,해당없음,FALSE,FALSE
2025100745,10,10,6,FALSE,온오프라인,FALSE,해당없음,FALSE,FALSE
2025100183,10,10,6,FALSE,온오프라인,FALSE,해당없음,FALSE,FALSE
2025100604,10,10,6,FALSE,온오프라인,FALSE,해당없음,FALSE,FALSE
2025100217,10,11,1,TRUE,온라인,FALSE,해당없음,FALSE,FALSE
2025100596,10,11,1,FALSE,온라인,FALSE,해당없음,FALSE,FALSE
2025100763,10,11,1,FALSE,온라인,FALSE,해당없음,FALSE,FALSE
2025100179,10,11,1,FALSE,온라인,FALSE,해당없음,FALSE,FALSE
2025100409,10,11,1,FALSE,온라인,FALSE,해당없음,FALSE,FALSE
2025100639,10,11,2,FALSE,오프라인,FALSE,해당없음,FALSE,FALSE
2025100389,10,11,2,TRUE,오프라인,FALSE,해당없음,FALSE,FALSE
2025100195,10,11,2,FALSE,오프라인,FALSE,해당없음,FALSE,FALSE
2025100603,10,11,2,FALSE,오프라인,FALSE,해당없음,FALSE,FALSE
2025100552,10,11,3,FALSE,오프라인,FALSE,해당없음,TRUE,FALSE
2025100633,10,11,3,FALSE,오프라인,FALSE,해당없음,TRUE,FALSE
2025100622,10,11,3,FALSE,오프라인,FALSE,해당없음,TRUE,FALSE
2025100276,10,11,3,TRUE,오프라인,FALSE,해당없음,TRUE,TRUE
2025100148,10,11,3,FALSE,오프라인,FALSE,해당없음,TRUE,FALSE
2025100730,10,11,4,FALSE,오프라인,FALSE,해당없음,FALSE,FALSE
2025100664,10,11,4,FALSE,오프라인,FALSE,해당없음,FALSE,FALSE
2025100725,10,11,4,FALSE,오프라인,FALSE,해당없음,FALSE,FALSE
2025100406,10,11,4,TRUE,오프라인,FALSE,해당없음,FALSE,FALSE
2025100766,10,12,1,FALSE,오프라인,FALSE,해당없음,FALSE,FALSE
2025100350,10,12,1,TRUE,오프라인,FALSE,해당없음,FALSE,FALSE
2025100097,10,12,1,FALSE,오프라인,FALSE,해당없음,FALSE,FALSE
2025100808,10,12,1,FALSE,오프라인,FALSE,해당없음,FALSE,FALSE
2025110783,11,일반학회원,1,TRUE,오프라인,FALSE,해당없음,FALSE,FALSE
2025110719,11,일반학회원,1,FALSE,오프라인,FALSE,해당없음,FALSE,FALSE
2025110859,11,일반학회원,1,FALSE,오프라인,FALSE,해당없음,FALSE,FALSE
2025110339,11,일반학회원,1,FALSE,오프라인,FALSE,해당없음,FALSE,FALSE
2025110876,11,일반학회원,2,TRUE,오프라인,FALSE,해당없음,FALSE,FALSE
2025110727,11,일반학회원,2,FALSE,오프라인,FALSE,해당없음,FALSE,FALSE
2025110416,11,일반학회원,2,FALSE,오프라인,FALSE,해당없음,FALSE,FALSE
2025110397,11,일반학회원,2,FALSE,오프라인,FALSE,해당없음,FALSE,FALSE
2025110600,11,일반학회원,2,FALSE,오프라인,FALSE,해당없음,FALSE,FALSE
2025110474,11,일반학회원,3,TRUE,온라인,FALSE,해당없음,FALSE,FALSE
2025110564,11,일반학회원,3,FALSE,온라인,FALSE,해당없음,FALSE,FALSE
2025110680,11,일반학회원,3,FALSE,온라인,FALSE,해당없음,FALSE,FALSE
2025110100,11,일반학회원,3,FALSE,온라인,FALSE,해당없음,FALSE,FALSE
2025110501,11,일반학회원,4,TRUE,오프라인,FALSE,해당없음,FALSE,FALSE
2025110558,11,일반학회원,4,FALSE,오프라인,FALSE,해당없음,FALSE,FALSE
2025110608,11,일반학회원,4,FALSE,오프라인,FALSE,해당없음,FALSE,FALSE
2025110715,11,일반학회원,4,FALSE,오프라인,FALSE,해당없음,FALSE,FALSE
2025110743,11,1,1,TRUE,온라인,FALSE,해당없음,FALSE,FALSE
2025110418,11,1,1,FALSE,온라인,FALSE,해당없음,FALSE,FALSE
2025110757,11,1,1,FALSE,온라인,FALSE,해당없음,FALSE,FALSE
2025110074,11,1,1,FALSE,온라인,TRUE,중간 휴회기간 이전,FALSE,FALSE
2025110686,11,1,2,TRUE,온라인,TRUE,중간 휴회기간 이후,FALSE,FALSE
2025110189,11,1,2,FALSE,온라인,TRUE,중간 휴회기간 이후,FALSE,FALSE
2025110192,11,1,3,TRUE,온라인,TRUE,중간 휴회기간 이전,FALSE,FALSE
2025110370,11,1,3,FALSE,온라인,TRUE,중간 휴회기간 이전,FALSE,FALSE
2025110077,11,1,3,FALSE,온라인,FALSE,해당없음,FALSE,FALSE
2025110858,11,1,3,FALSE,온라인,FALSE,해당없음,FALSE,FALSE
2025110864,11,1,4,TRUE,오프라인,FALSE,해당없음,FALSE,FALSE
2025110153,11,1,4,FALSE,오프라인,FALSE,해당없음,FALSE,FALSE
2025110359,11,1,4,FALSE,오프라인,FALSE,해당없음,FALSE,FALSE
2025110568,11,1,4,FALSE,오프라인,FALSE,해당없음,FALSE,FALSE
2025110418,11,2,2,TRUE,온라인,FALSE,해당없음,FALSE,FALSE
2025110635,11,2,2,FALSE,온라인,FALSE,해당없음,FALSE,FALSE
2025110343,11,2,2,FALSE,온라인,FALSE,해당없음,FALSE,FALSE
2025110507,11,2,2,FALSE,온라인,FALSE,해당없음,FALSE,FALSE
2025110077,11,2,2,FALSE,온라인,FALSE,해당없음,FALSE,FALSE
2025110810,11,2,3,TRUE,오프라인,FALSE,해당없음,FALSE,FALSE
2025110346,11,2,3,FALSE,오프라인,FALSE,해당없음,FALSE,FALSE
2025110693,11,2,3,FALSE,오프라인,FALSE,해당없음,FALSE,FALSE
2025110336,11,2,3,FALSE,오프라인,FALSE,해당없음,FALSE,FALSE
2025110159,11,2,3,FALSE,오프라인,FALSE,해당없음,FALSE,FALSE
2025110300,11,2,3,FALSE,오프라인,FALSE,해당없음,FALSE,FALSE
2025110440,11,2,4,TRUE,오프라인,FALSE,해당없음,FALSE,FALSE
2025110506,11,2,4,FALSE,오프라인,FALSE,해당없음,FALSE,FALSE
2025110752,11,2,4,FALSE,오프라인,FALSE,해당없음,FALSE,FALSE
2025110434,11,2,4,FALSE,오프라인,FALSE,해당없음,FALSE,FALSE
2025110864,11,2,5,TRUE,오프라인,FALSE,해당없음,FALSE,FALSE
2025110757,11,2,5,FALSE,오프라인,FALSE,해당없음,FALSE,FALSE
2025110135,11,2,5,FALSE,오프라인,FALSE,해당없음,FALSE,FALSE
2025110638,11,2,5,FALSE,오프라인,FALSE,해당없음,FALSE,FALSE
2025110235,11,2,5,FALSE,오프라인,FALSE,해당없음,FALSE,FALSE
2025110686,11,2,6,TRUE,오프라인,FALSE,해당없음,FALSE,FALSE
2025110158,11,2,6,FALSE,오프라인,FALSE,해당없음,FALSE,FALSE
2025110238,11,2,6,FALSE,오프라인,FALSE,해당없음,FALSE,FALSE
2025110241,11,2,6,FALSE,오프라인,FALSE,해당없음,FALSE,FALSE
2025110559,11,2,6,FALSE,오프라인,FALSE,해당없음,FALSE,FALSE
2025110437,11,2,7,TRUE,온라인,FALSE,해당없음,FALSE,FALSE
2025110695,11,2,7,FALSE,온라인,FALSE,해당없음,FALSE,FALSE
2025110167,11,2,7,FALSE,온라인,FALSE,해당없음,FALSE,FALSE
2025110798,11,2,7,FALSE,온라인,FALSE,해당없음,FALSE,FALSE
2025110706,11,2,9,FALSE,온라인,TRUE,중간 휴회기간 이전,FALSE,FALSE
2025110099,11,2,9,FALSE,온라인,TRUE,중간 휴회기간 이전,FALSE,FALSE
2025110076,11,2,9,FALSE,온라인,TRUE,중간 휴회기간 이전,FALSE,FALSE
2025110829,11,3,1,TRUE,오프라인,FALSE,해당없음,FALSE,FALSE
2025110712,11,3,1,FALSE,오프라인,FALSE,해당없음,FALSE,FALSE
2025110104,11,3,1,FALSE,오프라인,FALSE,해당없음,FALSE,FALSE
2025110430,11,3,1,FALSE,오프라인,FALSE,해당없음,FALSE,FALSE
2025110583,11,3,2,TRUE,오프라인,FALSE,해당없음,FALSE,FALSE
2025110178,11,3,2,FALSE,오프라인,FALSE,해당없음,FALSE,FALSE
2025110077,11,3,2,FALSE,오프라인,FALSE,해당없음,FALSE,FALSE
2025110694,11,3,3,TRUE,온라인,FALSE,해당없음,FALSE,FALSE
2025110580,11,3,3,FALSE,온라인,FALSE,해당없음,FALSE,FALSE
2025110073,11,3,3,FALSE,온라인,FALSE,해당없음,FALSE,FALSE
2025110033,11,3,4,TRUE,오프라인,FALSE,해당없음,FALSE,FALSE
2025110285,11,3,4,FALSE,오프라인,FALSE,해당없음,FALSE,FALSE
2025110415,11,3,4,FALSE,오프라인,FALSE,해당없음,FALSE,FALSE
2025110203,11,4,1,TRUE,오프라인,FALSE,해당없음,FALSE,FALSE
2025110164,11,4,1,FALSE,오프라인,FALSE,해당없음,FALSE,FALSE
2025110777,11,4,1,FALSE,오프라인,TRUE,중간 휴회기간 이후,FALSE,FALSE
2025110869,11,4,1,FALSE,오프라인,FALSE,해당없음,FALSE,FALSE
2025110012,11,4,1,FALSE,오프라인,FALSE,해당없음,FALSE,FALSE
2025110078,11,4,2,TRUE,오프라인,FALSE,해당없음,FALSE,FALSE
2025110779,11,4,2,FALSE,오프라인,FALSE,해당없음,FALSE,FALSE
2025110641,11,4,2,FALSE,오프라인,FALSE,해당없음,FALSE,FALSE
2025110746,11,4,2,FALSE,오프라인,FALSE,해당없음,FALSE,FALSE
2025110188,11,4,3,TRUE,오프라인,FALSE,해당없음,FALSE,FALSE
2025110064,11,4,3,FALSE,오프라인,FALSE,해당없음,FALSE,FALSE
2025110037,11,4,3,FALSE,오프라인,FALSE,해당없음,FALSE,FALSE
2025110042,11,4,4,TRUE,오프라인,FALSE,해당없음,FALSE,FALSE
2025110821,11,4,4,FALSE,오프라인,FALSE,해당없음,FALSE,FALSE
2025110706,11,4,4,FALSE,오프라인,FALSE,해당없음,FALSE,FALSE
2025110764,11,4,4,FALSE,오프라인,FALSE,해당없음,FALSE,FALSE
2025110328,11,4,4,FALSE,오프라인,FALSE,해당없음,FALSE,FALSE
2025110139,11,4,5,TRUE,오프라인,FALSE,해당없음,FALSE,FALSE
2025110868,11,4,5,FALSE,오프라인,FALSE,해당없음,FALSE,FALSE
2025110614,11,4,5,FALSE,오프라인,FALSE,해당없음,FALSE,FALSE
2025110138,11,4,5,FALSE,오프라인,FALSE,해당없음,FALSE,FALSE
2025110829,11,4,5,FALSE,오프라인,FALSE,해당없음,FALSE,FALSE
2025110379,11,4,6,TRUE,오프라인,FALSE,해당없음,FALSE,FALSE
2025110612,11,4,6,FALSE,오프라인,FALSE,해당없음,FALSE,FALSE
2025110699,11,4,6,FALSE,오프라인,FALSE,해당없음,FALSE,FALSE
2025110053,11,4,6,FALSE,오프라인,FALSE,해당없음,FALSE,FALSE
2025110549,11,4,6,FALSE,오프라인,FALSE,해당없음,FALSE,FALSE
2025110047,11,4,7,TRUE,오프라인,FALSE,해당없음,FALSE,FALSE
2025110048,11,4,7,FALSE,오프라인,TRUE,중간 휴회기간 이후,FALSE,FALSE
2025110569,11,4,7,FALSE,오프라인,FALSE,해당없음,FALSE,FALSE
2025110729,11,4,7,FALSE,오프라인,FALSE,해당없음,FALSE,FALSE
2025110072,11,4,7,FALSE,오프라인,FALSE,해당없음,FALSE,FALSE
2025110407,11,4,8,TRUE,오프라인,FALSE,해당없음,FALSE,FALSE
2025110844,11,4,8,FALSE,오프라인,FALSE,해당없음,FALSE,FALSE
2025110418,11,4,8,FALSE,오프라인,FALSE,해당없음,FALSE,FALSE
2025110508,11,4,8,FALSE,오프라인,FALSE,해당없음,FALSE,FALSE
2025110613,11,4,8,FALSE,오프라인,FALSE,해당없음,FALSE,FALSE
2025110534,11,4,8,FALSE,오프라인,FALSE,해당없음,FALSE,FALSE
2025110760,11,4,9,TRUE,온라인,FALSE,해당없음,FALSE,FALSE
2025110278,11,4,9,FALSE,온라인,FALSE,해당없음,FALSE,FALSE
2025110317,11,4,10,TRUE,온라인,FALSE,해당없음,FALSE,FALSE
2025110489,11,4,10,FALSE,온라인,FALSE,해당없음,FALSE,FALSE
2025110444,11,4,10,FALSE,온라인,FALSE,해당없음,FALSE,FALSE
2025110775,11,4,10,FALSE,온라인,FALSE,해당없음,FALSE,FALSE
2025110487,11,4,10,FALSE,온라인,FALSE,해당없음,FALSE,FALSE
2025110303,11,4,10,FALSE,온라인,FALSE,해당없음,FALSE,FALSE
2025110624,11,4,11,TRUE,오프라인,FALSE,해당없음,FALSE,FALSE
2025110340,11,4,11,FALSE,오프라인,TRUE,중간 휴회기간 이후,FALSE,FALSE
2025110049,11,4,11,FALSE,오프라인,FALSE,해당없음,FALSE,FALSE
2025110092,11,5,1,TRUE,오프라인,FALSE,해당없음,FALSE,FALSE
2025110299,11,5,1,FALSE,오프라인,FALSE,해당없음,FALSE,FALSE
2025110779,11,5,1,FALSE,오프라인,FALSE,해당없음,FALSE,FALSE
2025110641,11,5,1,FALSE,오프라인,FALSE,해당없음,FALSE,FALSE
2025110037,11,5,1,FALSE,오프라인,FALSE,해당없음,FALSE,FALSE
2025110317,11,5,3,TRUE,오프라인,FALSE,해당없음,FALSE,FALSE
2025110266,11,5,3,FALSE,오프라인,FALSE,해당없음,FALSE,FALSE
2025110581,11,5,3,FALSE,오프라인,FALSE,해당없음,FALSE,FALSE
2025110660,11,5,4,TRUE,온라인,FALSE,해당없음,FALSE,FALSE
2025110147,11,5,4,FALSE,온라인,FALSE,해당없음,FALSE,FALSE
2025110418,11,5,4,FALSE,온라인,FALSE,해당없음,FALSE,FALSE
2025110308,11,5,4,FALSE,온라인,TRUE,중간 휴회기간 이전,FALSE,FALSE
2025110706,11,5,5,TRUE,온라인,FALSE,해당없음,FALSE,FALSE
2025110887,11,5,5,FALSE,온라인,FALSE,해당없음,FALSE,FALSE
2025110192,11,5,5,FALSE,온라인,FALSE,해당없음,FALSE,FALSE
2025110010,11,6,1,TRUE,온라인,FALSE,해당없음,FALSE,FALSE
2025110581,11,6,1,FALSE,온라인,FALSE,해당없음,FALSE,FALSE
2025110546,11,6,1,FALSE,온라인,TRUE,중간 휴회기간 이전,FALSE,FALSE
2025110735,11,6,2,TRUE,오프라인,FALSE,해당없음,FALSE,FALSE
2025110531,11,6,2,FALSE,오프라인,FALSE,해당없음,FALSE,FALSE
2025110701,11,6,2,FALSE,오프라인,FALSE,해당없음,FALSE,FALSE
2025110499,11,6,2,FALSE,오프라인,FALSE,해당없음,FALSE,FALSE
2025110568,11,6,2,FALSE,오프라인,FALSE,해당없음,FALSE,FALSE
2025110818,11,6,2,FALSE,오프라인,FALSE,해당없음,FALSE,FALSE
2025110066,11,6,3,TRUE,오프라인,FALSE,해당없음,FALSE,FALSE
2025110075,11,6,3,FALSE,오프라인,FALSE,해당없음,FALSE,FALSE
2025110253,11,6,3,FALSE,오프라인,FALSE,해당없음,FALSE,FALSE
2025110453,11,6,3,FALSE,오프라인,FALSE,해당없음,FALSE,FALSE
2025110829,11,6,3,FALSE,오프라인,FALSE,해당없음,FALSE,FALSE
2025110038,11,6,3,FALSE,오프라인,FALSE,해당없음,FALSE,FALSE
2025110736,11,6,4,TRUE,온라인,TRUE,중간 휴회기간 이후,FALSE,FALSE
2025110057,11,6,4,FALSE,온라인,TRUE,중간 휴회기간 이후,FALSE,FALSE
2025110522,11,6,4,FALSE,온라인,FALSE,해당없음,FALSE,FALSE
2025110172,11,6,4,FALSE,온라인,FALSE,해당없음,FALSE,FALSE
2025110547,11,6,4,FALSE,온라인,FALSE,해당없음,FALSE,FALSE
2025110046,11,6,4,FALSE,온라인,FALSE,해당없음,FALSE,FALSE
2025110317,11,6,5,TRUE,온라인,FALSE,해당없음,FALSE,FALSE
2025110481,11,6,5,FALSE,온라인,FALSE,해당없음,FALSE,FALSE
2025110381,11,6,5,FALSE,온라인,FALSE,해당없음,FALSE,FALSE
2025110756,11,6,5,FALSE,온라인,TRUE,중간 휴회기간 이전,FALSE,FALSE
2025110518,11,6,5,FALSE,온라인,FALSE,해당없음,FALSE,FALSE
2025110184,11,6,5,FALSE,온라인,FALSE,해당없음,FALSE,FALSE
2025110062,11,6,6,TRUE,온라인,FALSE,해당없음,FALSE,FALSE
2025110492,11,6,6,FALSE,온라인,FALSE,해당없음,FALSE,FALSE
2025110051,11,6,6,FALSE,온라인,FALSE,해당없음,FALSE,FALSE
2025110861,11,6,6,FALSE,온라인,FALSE,해당없음,FALSE,FALSE
2025110090,11,6,6,FALSE,온라인,FALSE,해당없음,FALSE,FALSE
2025110201,11,6,7,TRUE,온라인,FALSE,해당없음,FALSE,FALSE
2025110028,11,6,7,FALSE,온라인,FALSE,해당없음,FALSE,FALSE
2025110609,11,6,7,FALSE,온라인,FALSE,해당없음,FALSE,FALSE
2025110469,11,6,7,FALSE,온라인,FALSE,해당없음,FALSE,FALSE
2025110694,11,6,7,FALSE,온라인,FALSE,해당없음,FALSE,FALSE
2025110023,11,7,1,TRUE,온라인,FALSE,해당없음,FALSE,FALSE
2025110445,11,7,1,FALSE,온라인,FALSE,해당없음,FALSE,FALSE
2025110701,11,7,1,FALSE,온라인,FALSE,해당없음,FALSE,FALSE
2025110611,11,7,2,TRUE,오프라인,FALSE,해당없음,FALSE,FALSE
2025110646,11,7,2,FALSE,오프라인,FALSE,해당없음,FALSE,FALSE
2025110417,11,7,2,FALSE,오프라인,FALSE,해당없음,FALSE,FALSE
2025110012,11,7,2,FALSE,오프라인,FALSE,해당없음,FALSE,FALSE
2025110605,11,7,3,TRUE,오프라인,FALSE,해당없음,FALSE,FALSE
2025110800,11,7,3,FALSE,오프라인,FALSE,해당없음,FALSE,FALSE
2025110806,11,7,3,FALSE,오프라인,FALSE,해당없음,FALSE,FALSE
2025110376,11,7,4,TRUE,오프라인,FALSE,해당없음,FALSE,FALSE
2025110073,11,7,4,FALSE,오프라인,FALSE,해당없음,FALSE,FALSE
2025110594,11,7,4,FALSE,오프라인,FALSE,해당없음,FALSE,FALSE
2025110433,11,7,4,FALSE,오프라인,TRUE,기말 휴회기간 이전,FALSE,FALSE
2025110398,11,7,6,TRUE,온라인,FALSE,해당없음,FALSE,FALSE
2025110411,11,7,6,FALSE,온라인,FALSE,해당없음,FALSE,FALSE
2025110253,11,7,6,FALSE,온라인,FALSE,해당없음,FALSE,FALSE
2025110624,11,7,6,FALSE,온라인,FALSE,해당없음,FALSE,FALSE
2025110624,11,7,7,TRUE,온라인,FALSE,해당없음,FALSE,FALSE
2025110392,11,7,7,FALSE,온라인,FALSE,해당없음,FALSE,FALSE
2025110109,11,7,7,FALSE,온라인,FALSE,해당없음,FALSE,FALSE
2025110747,11,8,1,TRUE,오프라인,FALSE,해당없음,FALSE,FALSE
2025110273,11,8,1,FALSE,오프라인,FALSE,해당없음,FALSE,FALSE
2025110659,11,8,1,FALSE,오프라인,FALSE,해당없음,FALSE,FALSE
2025110358,11,8,1,FALSE,오프라인,FALSE,해당없음,FALSE,FALSE
2025110194,11,8,1,FALSE,오프라인,FALSE,해당없음,FALSE,FALSE
2025110375,11,8,2,TRUE,오프라인,FALSE,해당없음,FALSE,FALSE
2025110290,11,8,2,FALSE,오프라인,FALSE,해당없음,FALSE,FALSE
2025110251,11,8,2,FALSE,오프라인,FALSE,해당없음,FALSE,FALSE
2025110604,11,11,1,TRUE,오프라인,FALSE,해당없음,FALSE,FALSE
2025110723,11,11,1,FALSE,오프라인,FALSE,해당없음,FALSE,FALSE
2025110811,11,11,1,FALSE,오프라인,FALSE,해당없음,FALSE,FALSE
2025110814,11,11,1,FALSE,오프라인,FALSE,해당없음,FALSE,FALSE
2025110776,11,11,1,FALSE,오프라인,FALSE,해당없음,FALSE,FALSE
2025110737,11,11,1,FALSE,오프라인,FALSE,해당없음,FALSE,FALSE
2025110689,11,11,2,TRUE,온라인,FALSE,해당없음,FALSE,FALSE
2025110836,11,11,2,FALSE,온라인,FALSE,해당없음,FALSE,FALSE
2025110353,11,11,3,TRUE,온라인,FALSE,해당없음,FALSE,FALSE
2025110089,11,11,3,FALSE,온라인,FALSE,해당없음,FALSE,FALSE
2025110220,11,11,3,FALSE,온라인,FALSE,해당없음,FALSE,FALSE
2025110267,11,11,4,TRUE,온라인,FALSE,해당없음,FALSE,FALSE
2025110069,11,11,4,FALSE,온라인,FALSE,해당없음,FALSE,FALSE
2025110289,11,11,4,FALSE,온라인,FALSE,해당없음,FALSE,FALSE
2025110193,11,11,4,FALSE,온라인,FALSE,해당없음,FALSE,FALSE
2025110374,11,11,4,FALSE,온라인,TRUE,기말 휴회기간 이전,FALSE,FALSE
2025110855,11,11,5,TRUE,오프라인,FALSE,해당없음,FALSE,FALSE
2025110471,11,11,5,FALSE,오프라인,FALSE,해당없음,FALSE,FALSE
2025110850,11,11,5,FALSE,오프라인,FALSE,해당없음,FALSE,FALSE
2025110793,11,11,5,FALSE,오프라인,FALSE,해당없음,FALSE,FALSE
2025110863,11,11,5,FALSE,오프라인,TRUE,기말 휴회기간 이전,FALSE,FALSE
2025110366,11,12,2,TRUE,오프라인,FALSE,해당없음,FALSE,FALSE
2025110690,11,12,2,FALSE,오프라인,FALSE,해당없음,FALSE,FALSE
2025110658,11,12,2,FALSE,오프라인,FALSE,해당없음,FALSE,FALSE
2025110354,11,12,2,FALSE,오프라인,FALSE,해당없음,FALSE,FALSE
2025110034,11,12,3,TRUE,온라인,FALSE,해당없음,FALSE,FALSE
2025110535,11,12,3,FALSE,온라인,TRUE,기말 휴회기간 이후,FALSE,FALSE
2025110670,11,12,3,FALSE,온라인,TRUE,기말 휴회기간 이후,FALSE,FALSE
2025110863,11,12,3,FALSE,온라인,TRUE,기말 휴회기간 이후,FALSE,FALSE
2025110527,11,12,5,TRUE,오프라인,FALSE,해당없음,FALSE,FALSE
2025110838,11,12,5,FALSE,오프라인,FALSE,해당없음,FALSE,FALSE
2025110250,11,12,5,FALSE,오프라인,FALSE,해당없음,FALSE,FALSE
2025110773,11,12,6,TRUE,온라인,FALSE,해당없음,FALSE,FALSE
2025110099,11,12,6,FALSE,온라인,FALSE,해당없음,FALSE,FALSE
2025110230,11,12,6,FALSE,온라인,FALSE,해당없음,FALSE,FALSE
2025110731,11,12,7,TRUE,오프라인,FALSE,해당없음,FALSE,FALSE
2025110855,11,12,7,FALSE,오프라인,FALSE,해당없음,FALSE,FALSE
2025110596,11,12,7,FALSE,오프라인,FALSE,해당없음,FALSE,FALSE
2025110705,11,12,7,FALSE,오프라인,FALSE,해당없음,FALSE,FALSE
2025110118,11,12,7,FALSE,오프라인,FALSE,해당없음,FALSE,FALSE
2025110772,11,12,7,FALSE,오프라인,FALSE,해당없음,FALSE,FALSE
2025110285,11,12,9,TRUE,온라인,FALSE,해당없음,FALSE,FALSE
2025110218,11,12,9,FALSE,온라인,FALSE,해당없음,FALSE,FALSE
2025110846,11,12,9,FALSE,온라인,FALSE,해당없음,FALSE,FALSE
2025110442,11,12,9,FALSE,온라인,FALSE,해당없음,FALSE,FALSE
2025110069,11,12,10,TRUE,오프라인,FALSE,해당없음,FALSE,FALSE
2025110878,11,12,10,FALSE,오프라인,FALSE,해당없음,FALSE,FALSE
2025110516,11,12,10,FALSE,오프라인,FALSE,해당없음,FALSE,FALSE
2025110424,11,12,10,FALSE,오프라인,FALSE,해당없음,FALSE,FALSE
2025110320,11,12,10,FALSE,오프라인,TRUE,기말 휴회기간 이전,FALSE,FALSE
2025110435,11,13,1,TRUE,오프라인,FALSE,해당없음,FALSE,FALSE
2025110095,11,13,1,FALSE,오프라인,FALSE,해당없음,FALSE,FALSE
2025110594,11,13,1,FALSE,오프라인,FALSE,해당없음,FALSE,FALSE
2025110353,11,13,1,FALSE,오프라인,FALSE,해당없음,FALSE,FALSE
2025110628,11,13,2,TRUE,오프라인,FALSE,해당없음,FALSE,FALSE
2025110515,11,13,2,FALSE,오프라인,FALSE,해당없음,FALSE,FALSE
2025110364,11,13,2,FALSE,오프라인,FALSE,해당없음,FALSE,FALSE
2025110043,11,13,2,FALSE,오프라인,TRUE,중간 휴회기간 이후,FALSE,FALSE
2025110642,11,13,3,TRUE,온라인,FALSE,해당없음,FALSE,FALSE
2025110460,11,13,3,FALSE,온라인,FALSE,해당없음,FALSE,FALSE
2025110221,11,13,3,FALSE,온라인,FALSE,해당없음,FALSE,FALSE
2025110665,11,13,3,FALSE,온라인,FALSE,해당없음,FALSE,FALSE
2025110361,11,13,4,TRUE,오프라인,FALSE,해당없음,FALSE,FALSE
2025110199,11,13,4,FALSE,오프라인,FALSE,해당없음,FALSE,FALSE
2025110070,11,13,4,FALSE,오프라인,FALSE,해당없음,FALSE,FALSE
2025110627,11,13,4,FALSE,오프라인,FALSE,해당없음,FALSE,FALSE
2025110034,11,13,5,TRUE,온라인,TRUE,중간 휴회기간 이후,FALSE,FALSE
2025110653,11,13,5,FALSE,온라인,TRUE,중간 휴회기간 이후,FALSE,FALSE
2025110222,11,13,5,FALSE,온라인,TRUE,중간 휴회기간 이후,FALSE,FALSE
2025110700,11,13,5,FALSE,온라인,TRUE,중간 휴회기간 이후,FALSE,FALSE
2025110890,11,13,6,TRUE,온라인,FALSE,해당없음,FALSE,FALSE
2025110117,11,13,6,FALSE,온라인,FALSE,해당없음,FALSE,FALSE
2025110143,11,13,6,FALSE,온라인,TRUE,중간 휴회기간 이전,FALSE,FALSE
2025110033,11,13,6,FALSE,온라인,TRUE,중간 휴회기간 이전,FALSE,FALSE
2025110520,11,13,7,TRUE,온라인,FALSE,해당없음,FALSE,FALSE
2025110491,11,13,7,FALSE,온라인,FALSE,해당없음,FALSE,FALSE
2025110478,11,13,7,FALSE,온라인,FALSE,해당없음,FALSE,FALSE
2025110803,11,13,7,FALSE,온라인,FALSE,해당없음,FALSE,FALSE
2025110220,11,13,8,TRUE,온라인,FALSE,해당없음,FALSE,FALSE
2025110875,11,13,8,FALSE,온라인,FALSE,해당없음,FALSE,FALSE
2025110740,11,13,8,FALSE,온라인,FALSE,해당없음,FALSE,FALSE
2025110573,11,13,8,FALSE,온라인,TRUE,중간 휴회기간 이후,FALSE,FALSE
2025110750,11,14,1,TRUE,온라인,FALSE,해당없음,FALSE,FALSE
2025110234,11,14,1,FALSE,온라인,FALSE,해당없음,FALSE,FALSE
2025110188,11,14,1,FALSE,온라인,FALSE,해당없음,FALSE,FALSE
2025110342,11,14,1,FALSE,온라인,FALSE,해당없음,FALSE,FALSE
2025110762,11,14,2,TRUE,오프라인,FALSE,해당없음,FALSE,FALSE
2025110460,11,14,2,FALSE,오프라인,FALSE,해당없음,FALSE,FALSE
2025110527,11,14,2,FALSE,오프라인,FALSE,해당없음,FALSE,FALSE
2025110333,11,14,2,FALSE,오프라인,FALSE,해당없음,FALSE,FALSE
2025110750,11,14,3,TRUE,온라인,FALSE,해당없음,FALSE,FALSE
2025110642,11,14,3,FALSE,온라인,FALSE,해당없음,FALSE,FALSE
2025110841,11,14,3,FALSE,온라인,FALSE,해당없음,FALSE,FALSE
2025110095,11,15,1,TRUE,온라인,FALSE,해당없음,FALSE,FALSE
2025110109,11,15,1,FALSE,온라인,FALSE,해당없음,FALSE,FALSE
2025110653,11,15,1,FALSE,온라인,TRUE,중간 휴회기간 이후,FALSE,FALSE
2025110646,11,15,2,TRUE,오프라인,FALSE,해당없음,FALSE,FALSE
2025110800,11,15,2,FALSE,오프라인,FALSE,해당없음,FALSE,FALSE
2025110194,11,15,2,FALSE,오프라인,FALSE,해당없음,FALSE,FALSE
2025110868,11,16,2,TRUE,오프라인,FALSE,해당없음,FALSE,FALSE
2025110829,11,16,2,FALSE,오프라인,FALSE,해당없음,FALSE,FALSE
2025110714,11,16,3,TRUE,온라인,FALSE,해당없음,FALSE,FALSE
2025110381,11,16,3,FALSE,온라인,FALSE,해당없음,FALSE,FALSE
2025110724,11,16,3,FALSE,온라인,FALSE,해당없음,FALSE,FALSE
2025110848,11,17,1,TRUE,오프라인,FALSE,해당없음,FALSE,FALSE
2025110202,11,17,1,FALSE,오프라인,FALSE,해당없음,FALSE,FALSE
2025110087,11,17,1,FALSE,오프라인,FALSE,해당없음,FALSE,FALSE
2025110071,11,17,1,FALSE,오프라인,FALSE,해당없음,FALSE,FALSE
2025110064,11,17,1,FALSE,오프라인,FALSE,해당없음,FALSE,FALSE
2025110261,11,22,1,TRUE,온라인,TRUE,중간 휴회기간 이후,FALSE,FALSE
2025110395,11,22,1,FALSE,온라인,TRUE,중간 휴회기간 이후,FALSE,FALSE